 ,Label,Area,Mean,Min,Max,X,Y,%Area,MinThr,MaxThr
1,MAX_20241221_Exp97_RNA-FISH_Cytb_CF610_MRPL45_488_2cell_C5_Airyscan Processing-1.tif:ID46807754,0.084,293.600,170,377,20.837,21.259,100.000,132,65535
2,MAX_20241221_Exp97_RNA-FISH_Cytb_CF610_MRPL45_488_2cell_C5_Airyscan Processing-1.tif:ID46807755,0.055,155.212,132,184,24.010,21.318,65.000,132,65535
3,MAX_20241221_Exp97_RNA-FISH_Cytb_CF610_MRPL45_488_2cell_C5_Airyscan Processing-1.tif:ID46807752,0.016,141.667,132,150,29.824,20.898,18.750,132,65535
4,MAX_20241221_Exp97_RNA-FISH_Cytb_CF610_MRPL45_488_2cell_C5_Airyscan Processing-1.tif:ID46807753,0.084,281.137,158,368,24.569,21.161,100.000,132,65535
5,MAX_20241221_Exp97_RNA-FISH_Cytb_CF610_MRPL45_488_2cell_C5_Airyscan Processing-1.tif:ID46807758,0.059,163.214,132,197,18.014,21.420,70.000,132,65535
6,MAX_20241221_Exp97_RNA-FISH_Cytb_CF610_MRPL45_488_2cell_C5_Airyscan Processing-1.tif:ID46807759,0.084,309.150,170,398,24.537,21.648,100.000,132,65535
7,MAX_20241221_Exp97_RNA-FISH_Cytb_CF610_MRPL45_488_2cell_C5_Airyscan Processing-1.tif:ID46807756,0.084,560.175,349,738,27.036,21.323,100.000,132,65535
8,MAX_20241221_Exp97_RNA-FISH_Cytb_CF610_MRPL45_488_2cell_C5_Airyscan Processing-1.tif:ID46807757,0.068,187.508,132,249,17.544,21.359,81.250,132,65535
9,MAX_20241221_Exp97_RNA-FISH_Cytb_CF610_MRPL45_488_2cell_C5_Airyscan Processing-1.tif:ID46807746,0.084,419.337,216,541,25.867,20.025,100.000,132,65535
10,MAX_20241221_Exp97_RNA-FISH_Cytb_CF610_MRPL45_488_2cell_C5_Airyscan Processing-1.tif:ID46807747,0.082,182.910,132,217,28.403,20.187,97.500,132,65535
11,MAX_20241221_Exp97_RNA-FISH_Cytb_CF610_MRPL45_488_2cell_C5_Airyscan Processing-1.tif:ID46807744,0.084,399.300,209,531,19.766,18.824,100.000,132,65535
12,MAX_20241221_Exp97_RNA-FISH_Cytb_CF610_MRPL45_488_2cell_C5_Airyscan Processing-1.tif:ID46807745,0.082,223.949,143,298,16.680,18.918,97.500,132,65535
13,MAX_20241221_Exp97_RNA-FISH_Cytb_CF610_MRPL45_488_2cell_C5_Airyscan Processing-1.tif:ID46807750,0.040,148.263,132,171,26.392,20.749,47.500,132,65535
14,MAX_20241221_Exp97_RNA-FISH_Cytb_CF610_MRPL45_488_2cell_C5_Airyscan Processing-1.tif:ID46807751,0.079,255.973,157,348,21.006,20.876,93.750,132,65535
15,MAX_20241221_Exp97_RNA-FISH_Cytb_CF610_MRPL45_488_2cell_C5_Airyscan Processing-1.tif:ID46807748,0.024,151.826,132,175,30.365,20.651,28.750,132,65535
16,MAX_20241221_Exp97_RNA-FISH_Cytb_CF610_MRPL45_488_2cell_C5_Airyscan Processing-1.tif:ID46807749,0.084,302.150,143,450,23.498,20.739,100.000,132,65535
17,MAX_20241221_Exp97_RNA-FISH_Cytb_CF610_MRPL45_488_2cell_C5_Airyscan Processing-1.tif:ID46807770,0.083,235.266,140,320,28.170,22.977,98.750,132,65535
18,MAX_20241221_Exp97_RNA-FISH_Cytb_CF610_MRPL45_488_2cell_C5_Airyscan Processing-1.tif:ID46807771,0.036,149.059,132,167,24.935,23.391,42.500,132,65535
19,MAX_20241221_Exp97_RNA-FISH_Cytb_CF610_MRPL45_488_2cell_C5_Airyscan Processing-1.tif:ID46807768,0.002,132.500,132,133,19.684,22.752,2.500,132,65535
20,MAX_20241221_Exp97_RNA-FISH_Cytb_CF610_MRPL45_488_2cell_C5_Airyscan Processing-1.tif:ID46807769,0.077,208.562,137,287,29.772,22.922,91.250,132,65535
21,MAX_20241221_Exp97_RNA-FISH_Cytb_CF610_MRPL45_488_2cell_C5_Airyscan Processing-1.tif:ID46807774,0.076,197.764,134,251,19.417,23.599,90.000,132,65535
22,MAX_20241221_Exp97_RNA-FISH_Cytb_CF610_MRPL45_488_2cell_C5_Airyscan Processing-1.tif:ID46807775,0.045,146.651,132,166,30.356,23.698,53.750,132,65535
23,MAX_20241221_Exp97_RNA-FISH_Cytb_CF610_MRPL45_488_2cell_C5_Airyscan Processing-1.tif:ID46807772,0.025,139.208,132,151,26.258,23.406,30.000,132,65535
24,MAX_20241221_Exp97_RNA-FISH_Cytb_CF610_MRPL45_488_2cell_C5_Airyscan Processing-1.tif:ID46807773,0.068,178.492,132,216,19.855,23.504,81.250,132,65535
25,MAX_20241221_Exp97_RNA-FISH_Cytb_CF610_MRPL45_488_2cell_C5_Airyscan Processing-1.tif:ID46807762,0.084,249.725,135,301,26.744,21.843,100.000,132,65535
26,MAX_20241221_Exp97_RNA-FISH_Cytb_CF610_MRPL45_488_2cell_C5_Airyscan Processing-1.tif:ID46807763,0.084,222.425,142,284,17.688,21.908,100.000,132,65535
27,MAX_20241221_Exp97_RNA-FISH_Cytb_CF610_MRPL45_488_2cell_C5_Airyscan Processing-1.tif:ID46807760,0.084,424.512,226,613,18.922,21.713,100.000,132,65535
28,MAX_20241221_Exp97_RNA-FISH_Cytb_CF610_MRPL45_488_2cell_C5_Airyscan Processing-1.tif:ID46807761,0.084,218.700,166,263,23.985,21.778,100.000,132,65535
29,MAX_20241221_Exp97_RNA-FISH_Cytb_CF610_MRPL45_488_2cell_C5_Airyscan Processing-1.tif:ID46807766,0.029,149.571,132,168,23.810,22.206,35.000,132,65535
30,MAX_20241221_Exp97_RNA-FISH_Cytb_CF610_MRPL45_488_2cell_C5_Airyscan Processing-1.tif:ID46807767,0.076,184.236,134,230,27.925,22.727,90.000,132,65535
31,MAX_20241221_Exp97_RNA-FISH_Cytb_CF610_MRPL45_488_2cell_C5_Airyscan Processing-1.tif:ID46807764,0.080,217.487,132,281,16.426,22.044,95.000,132,65535
32,MAX_20241221_Exp97_RNA-FISH_Cytb_CF610_MRPL45_488_2cell_C5_Airyscan Processing-1.tif:ID46807765,0.063,169.167,134,203,16.932,22.098,75.000,132,65535
33,MAX_20241221_Exp97_RNA-FISH_Cytb_CF610_MRPL45_488_2cell_C5_Airyscan Processing-1.tif:ID46807786,0.083,251.532,150,319,26.875,25.804,98.750,132,65535
34,MAX_20241221_Exp97_RNA-FISH_Cytb_CF610_MRPL45_488_2cell_C5_Airyscan Processing-1.tif:ID46807787,0.040,156.237,132,185,29.051,25.838,47.500,132,65535
35,MAX_20241221_Exp97_RNA-FISH_Cytb_CF610_MRPL45_488_2cell_C5_Airyscan Processing-1.tif:ID46807784,0.047,155.778,134,183,25.867,25.327,56.250,132,65535
36,MAX_20241221_Exp97_RNA-FISH_Cytb_CF610_MRPL45_488_2cell_C5_Airyscan Processing-1.tif:ID46807785,0.061,167.172,133,202,20.372,25.735,72.500,132,65535
37,MAX_20241221_Exp97_RNA-FISH_Cytb_CF610_MRPL45_488_2cell_C5_Airyscan Processing-1.tif:ID46807790,0.071,183.373,133,241,26.524,26.103,83.750,132,65535
38,MAX_20241221_Exp97_RNA-FISH_Cytb_CF610_MRPL45_488_2cell_C5_Airyscan Processing-1.tif:ID46807791,0.084,313.887,199,369,17.266,26.224,100.000,132,65535
39,MAX_20241221_Exp97_RNA-FISH_Cytb_CF610_MRPL45_488_2cell_C5_Airyscan Processing-1.tif:ID46807788,0.060,145.246,132,160,16.314,25.828,71.250,132,65535
40,MAX_20241221_Exp97_RNA-FISH_Cytb_CF610_MRPL45_488_2cell_C5_Airyscan Processing-1.tif:ID46807789,0.035,150.364,133,172,28.179,26.033,41.250,132,65535
41,MAX_20241221_Exp97_RNA-FISH_Cytb_CF610_MRPL45_488_2cell_C5_Airyscan Processing-1.tif:ID46807778,0.079,171.667,135,210,28.207,23.947,93.750,132,65535
42,MAX_20241221_Exp97_RNA-FISH_Cytb_CF610_MRPL45_488_2cell_C5_Airyscan Processing-1.tif:ID46807779,0.084,288.538,133,394,23.303,24.180,100.000,132,65535
43,MAX_20241221_Exp97_RNA-FISH_Cytb_CF610_MRPL45_488_2cell_C5_Airyscan Processing-1.tif:ID46807776,0.027,144.962,132,161,22.212,23.854,32.500,132,65535
44,MAX_20241221_Exp97_RNA-FISH_Cytb_CF610_MRPL45_488_2cell_C5_Airyscan Processing-1.tif:ID46807777,0.000,NaN,255,130,NaN,NaN,0.000,132,65535
45,MAX_20241221_Exp97_RNA-FISH_Cytb_CF610_MRPL45_488_2cell_C5_Airyscan Processing-1.tif:ID46807782,0.061,153.448,132,177,21.635,24.512,72.500,132,65535
46,MAX_20241221_Exp97_RNA-FISH_Cytb_CF610_MRPL45_488_2cell_C5_Airyscan Processing-1.tif:ID46807783,0.077,205.192,134,255,20.940,25.153,91.250,132,65535
47,MAX_20241221_Exp97_RNA-FISH_Cytb_CF610_MRPL45_488_2cell_C5_Airyscan Processing-1.tif:ID46807780,0.003,133.667,132,135,22.616,24.304,3.750,132,65535
48,MAX_20241221_Exp97_RNA-FISH_Cytb_CF610_MRPL45_488_2cell_C5_Airyscan Processing-1.tif:ID46807781,0.021,141.050,132,152,28.783,24.465,25.000,132,65535
49,MAX_20241221_Exp97_RNA-FISH_Cytb_CF610_MRPL45_488_2cell_C5_Airyscan Processing-1.tif:ID46807802,0.084,219.550,151,295,25.965,27.393,100.000,132,65535
50,MAX_20241221_Exp97_RNA-FISH_Cytb_CF610_MRPL45_488_2cell_C5_Airyscan Processing-1.tif:ID46807803,0.084,317.275,154,441,22.394,27.393,100.000,132,65535
51,MAX_20241221_Exp97_RNA-FISH_Cytb_CF610_MRPL45_488_2cell_C5_Airyscan Processing-1.tif:ID46807800,0.084,308.087,149,424,22.167,27.230,100.000,132,65535
52,MAX_20241221_Exp97_RNA-FISH_Cytb_CF610_MRPL45_488_2cell_C5_Airyscan Processing-1.tif:ID46807801,0.084,306.762,152,423,28.399,27.328,100.000,132,65535
53,MAX_20241221_Exp97_RNA-FISH_Cytb_CF610_MRPL45_488_2cell_C5_Airyscan Processing-1.tif:ID46807806,0.082,219.872,135,282,19.439,27.909,97.500,132,65535
54,MAX_20241221_Exp97_RNA-FISH_Cytb_CF610_MRPL45_488_2cell_C5_Airyscan Processing-1.tif:ID46807807,0.084,358.525,191,445,31.450,28.172,100.000,132,65535
55,MAX_20241221_Exp97_RNA-FISH_Cytb_CF610_MRPL45_488_2cell_C5_Airyscan Processing-1.tif:ID46807804,0.084,339.725,146,467,19.052,27.555,100.000,132,65535
56,MAX_20241221_Exp97_RNA-FISH_Cytb_CF610_MRPL45_488_2cell_C5_Airyscan Processing-1.tif:ID46807805,0.083,263.481,143,337,31.224,27.848,98.750,132,65535
57,MAX_20241221_Exp97_RNA-FISH_Cytb_CF610_MRPL45_488_2cell_C5_Airyscan Processing-1.tif:ID46807794,0.051,157.271,133,184,26.829,26.445,60.000,132,65535
58,MAX_20241221_Exp97_RNA-FISH_Cytb_CF610_MRPL45_488_2cell_C5_Airyscan Processing-1.tif:ID46807795,0.081,241.753,141,318,28.662,26.585,96.250,132,65535
59,MAX_20241221_Exp97_RNA-FISH_Cytb_CF610_MRPL45_488_2cell_C5_Airyscan Processing-1.tif:ID46807792,0.068,181.846,134,219,22.860,26.236,81.250,132,65535
60,MAX_20241221_Exp97_RNA-FISH_Cytb_CF610_MRPL45_488_2cell_C5_Airyscan Processing-1.tif:ID46807793,0.084,253.238,158,333,21.291,26.387,100.000,132,65535
61,MAX_20241221_Exp97_RNA-FISH_Cytb_CF610_MRPL45_488_2cell_C5_Airyscan Processing-1.tif:ID46807798,0.084,652.638,338,830,19.960,27.068,100.000,132,65535
62,MAX_20241221_Exp97_RNA-FISH_Cytb_CF610_MRPL45_488_2cell_C5_Airyscan Processing-1.tif:ID46807799,0.081,219.818,134,284,28.144,27.070,96.250,132,65535
63,MAX_20241221_Exp97_RNA-FISH_Cytb_CF610_MRPL45_488_2cell_C5_Airyscan Processing-1.tif:ID46807796,0.084,286.312,168,388,28.886,26.971,100.000,132,65535
64,MAX_20241221_Exp97_RNA-FISH_Cytb_CF610_MRPL45_488_2cell_C5_Airyscan Processing-1.tif:ID46807797,0.015,141.214,132,150,20.540,27.045,17.500,132,65535
65,MAX_20241221_Exp97_RNA-FISH_Cytb_CF610_MRPL45_488_2cell_C5_Airyscan Processing-1.tif:ID46807690,0.052,156.878,133,186,24.764,10.391,61.250,132,65535
66,MAX_20241221_Exp97_RNA-FISH_Cytb_CF610_MRPL45_488_2cell_C5_Airyscan Processing-1.tif:ID46807691,0.067,172.312,133,214,26.366,10.702,80.000,132,65535
67,MAX_20241221_Exp97_RNA-FISH_Cytb_CF610_MRPL45_488_2cell_C5_Airyscan Processing-1.tif:ID46807688,0.078,199.473,132,251,26.612,10.258,92.500,132,65535
68,MAX_20241221_Exp97_RNA-FISH_Cytb_CF610_MRPL45_488_2cell_C5_Airyscan Processing-1.tif:ID46807689,0.082,255.167,150,347,28.921,10.355,97.500,132,65535
69,MAX_20241221_Exp97_RNA-FISH_Cytb_CF610_MRPL45_488_2cell_C5_Airyscan Processing-1.tif:ID46807694,0.084,349.825,203,442,28.529,10.938,100.000,132,65535
70,MAX_20241221_Exp97_RNA-FISH_Cytb_CF610_MRPL45_488_2cell_C5_Airyscan Processing-1.tif:ID46807695,0.027,144.385,132,159,22.174,11.145,32.500,132,65535
71,MAX_20241221_Exp97_RNA-FISH_Cytb_CF610_MRPL45_488_2cell_C5_Airyscan Processing-1.tif:ID46807692,0.084,233.450,133,307,28.107,10.743,100.000,132,65535
72,MAX_20241221_Exp97_RNA-FISH_Cytb_CF610_MRPL45_488_2cell_C5_Airyscan Processing-1.tif:ID46807693,0.059,165.375,132,212,24.699,10.908,70.000,132,65535
73,MAX_20241221_Exp97_RNA-FISH_Cytb_CF610_MRPL45_488_2cell_C5_Airyscan Processing-1.tif:ID46807682,0.084,203.150,133,264,24.634,8.406,100.000,132,65535
74,MAX_20241221_Exp97_RNA-FISH_Cytb_CF610_MRPL45_488_2cell_C5_Airyscan Processing-1.tif:ID46807683,0.057,162.519,134,201,22.003,9.231,67.500,132,65535
75,MAX_20241221_Exp97_RNA-FISH_Cytb_CF610_MRPL45_488_2cell_C5_Airyscan Processing-1.tif:ID46807680,0.079,213.947,137,275,12.716,33.820,93.750,132,65535
76,MAX_20241221_Exp97_RNA-FISH_Cytb_CF610_MRPL45_488_2cell_C5_Airyscan Processing-1.tif:ID46807681,0.017,144.562,137,155,14.151,34.906,20.000,132,65535
77,MAX_20241221_Exp97_RNA-FISH_Cytb_CF610_MRPL45_488_2cell_C5_Airyscan Processing-1.tif:ID46807686,0.084,251.600,133,341,27.263,10.094,100.000,132,65535
78,MAX_20241221_Exp97_RNA-FISH_Cytb_CF610_MRPL45_488_2cell_C5_Airyscan Processing-1.tif:ID46807687,0.040,157.184,132,191,20.574,10.225,47.500,132,65535
79,MAX_20241221_Exp97_RNA-FISH_Cytb_CF610_MRPL45_488_2cell_C5_Airyscan Processing-1.tif:ID46807684,0.071,200.537,135,276,22.423,9.321,83.750,132,65535
80,MAX_20241221_Exp97_RNA-FISH_Cytb_CF610_MRPL45_488_2cell_C5_Airyscan Processing-1.tif:ID46807685,0.079,188.720,137,249,26.482,9.574,93.750,132,65535
81,MAX_20241221_Exp97_RNA-FISH_Cytb_CF610_MRPL45_488_2cell_C5_Airyscan Processing-1.tif:ID46807706,0.075,172.732,132,215,17.590,13.082,88.750,132,65535
82,MAX_20241221_Exp97_RNA-FISH_Cytb_CF610_MRPL45_488_2cell_C5_Airyscan Processing-1.tif:ID46807707,0.075,200.380,132,252,17.823,14.024,88.750,132,65535
83,MAX_20241221_Exp97_RNA-FISH_Cytb_CF610_MRPL45_488_2cell_C5_Airyscan Processing-1.tif:ID46807704,0.070,172.212,132,216,26.842,13.001,82.500,132,65535
84,MAX_20241221_Exp97_RNA-FISH_Cytb_CF610_MRPL45_488_2cell_C5_Airyscan Processing-1.tif:ID46807705,0.019,145.722,133,158,16.190,13.096,22.500,132,65535
85,MAX_20241221_Exp97_RNA-FISH_Cytb_CF610_MRPL45_488_2cell_C5_Airyscan Processing-1.tif:ID46807710,0.084,228.738,146,285,31.028,14.638,100.000,132,65535
86,MAX_20241221_Exp97_RNA-FISH_Cytb_CF610_MRPL45_488_2cell_C5_Airyscan Processing-1.tif:ID46807711,0.062,169.763,134,208,23.234,14.681,73.750,132,65535
87,MAX_20241221_Exp97_RNA-FISH_Cytb_CF610_MRPL45_488_2cell_C5_Airyscan Processing-1.tif:ID46807708,0.067,179.047,132,223,25.219,14.253,80.000,132,65535
88,MAX_20241221_Exp97_RNA-FISH_Cytb_CF610_MRPL45_488_2cell_C5_Airyscan Processing-1.tif:ID46807709,0.073,180.739,132,221,18.103,14.568,86.250,132,65535
89,MAX_20241221_Exp97_RNA-FISH_Cytb_CF610_MRPL45_488_2cell_C5_Airyscan Processing-1.tif:ID46807698,0.002,132.000,132,132,31.352,11.587,2.500,132,65535
90,MAX_20241221_Exp97_RNA-FISH_Cytb_CF610_MRPL45_488_2cell_C5_Airyscan Processing-1.tif:ID46807699,0.065,170.677,132,208,27.066,12.460,77.500,132,65535
91,MAX_20241221_Exp97_RNA-FISH_Cytb_CF610_MRPL45_488_2cell_C5_Airyscan Processing-1.tif:ID46807696,0.084,221.500,140,276,26.451,11.197,100.000,132,65535
92,MAX_20241221_Exp97_RNA-FISH_Cytb_CF610_MRPL45_488_2cell_C5_Airyscan Processing-1.tif:ID46807697,0.013,136.167,132,143,17.767,11.389,15.000,132,65535
93,MAX_20241221_Exp97_RNA-FISH_Cytb_CF610_MRPL45_488_2cell_C5_Airyscan Processing-1.tif:ID46807702,0.084,296.050,136,398,23.758,12.560,100.000,132,65535
94,MAX_20241221_Exp97_RNA-FISH_Cytb_CF610_MRPL45_488_2cell_C5_Airyscan Processing-1.tif:ID46807703,0.073,157.884,132,189,16.582,13.017,86.250,132,65535
95,MAX_20241221_Exp97_RNA-FISH_Cytb_CF610_MRPL45_488_2cell_C5_Airyscan Processing-1.tif:ID46807700,0.067,168.125,132,208,23.390,12.479,80.000,132,65535
96,MAX_20241221_Exp97_RNA-FISH_Cytb_CF610_MRPL45_488_2cell_C5_Airyscan Processing-1.tif:ID46807701,0.075,201.070,133,255,17.370,12.503,88.750,132,65535
97,MAX_20241221_Exp97_RNA-FISH_Cytb_CF610_MRPL45_488_2cell_C5_Airyscan Processing-1.tif:ID46807722,0.082,189.577,133,249,29.635,15.419,97.500,132,65535
98,MAX_20241221_Exp97_RNA-FISH_Cytb_CF610_MRPL45_488_2cell_C5_Airyscan Processing-1.tif:ID46807723,0.066,166.476,134,191,30.154,15.450,78.750,132,65535
99,MAX_20241221_Exp97_RNA-FISH_Cytb_CF610_MRPL45_488_2cell_C5_Airyscan Processing-1.tif:ID46807720,0.084,226.475,150,285,20.772,15.222,100.000,132,65535
100,MAX_20241221_Exp97_RNA-FISH_Cytb_CF610_MRPL45_488_2cell_C5_Airyscan Processing-1.tif:ID46807721,0.070,173.424,136,218,30.406,15.353,82.500,132,65535
101,MAX_20241221_Exp97_RNA-FISH_Cytb_CF610_MRPL45_488_2cell_C5_Airyscan Processing-1.tif:ID46807726,0.063,172.817,133,217,26.517,15.785,75.000,132,65535
102,MAX_20241221_Exp97_RNA-FISH_Cytb_CF610_MRPL45_488_2cell_C5_Airyscan Processing-1.tif:ID46807727,0.071,161.060,132,189,30.266,16.011,83.750,132,65535
103,MAX_20241221_Exp97_RNA-FISH_Cytb_CF610_MRPL45_488_2cell_C5_Airyscan Processing-1.tif:ID46807724,0.084,268.587,155,360,29.210,15.611,100.000,132,65535
104,MAX_20241221_Exp97_RNA-FISH_Cytb_CF610_MRPL45_488_2cell_C5_Airyscan Processing-1.tif:ID46807725,0.076,181.889,133,234,17.397,15.635,90.000,132,65535
105,MAX_20241221_Exp97_RNA-FISH_Cytb_CF610_MRPL45_488_2cell_C5_Airyscan Processing-1.tif:ID46807714,0.068,176.554,133,230,22.977,14.866,81.250,132,65535
106,MAX_20241221_Exp97_RNA-FISH_Cytb_CF610_MRPL45_488_2cell_C5_Airyscan Processing-1.tif:ID46807715,0.084,310.663,205,399,19.928,14.930,100.000,132,65535
107,MAX_20241221_Exp97_RNA-FISH_Cytb_CF610_MRPL45_488_2cell_C5_Airyscan Processing-1.tif:ID46807712,0.068,181.985,137,225,17.926,14.766,81.250,132,65535
108,MAX_20241221_Exp97_RNA-FISH_Cytb_CF610_MRPL45_488_2cell_C5_Airyscan Processing-1.tif:ID46807713,0.082,278.846,146,366,29.051,14.769,97.500,132,65535
109,MAX_20241221_Exp97_RNA-FISH_Cytb_CF610_MRPL45_488_2cell_C5_Airyscan Processing-1.tif:ID46807718,0.082,256.526,146,349,28.954,15.094,97.500,132,65535
110,MAX_20241221_Exp97_RNA-FISH_Cytb_CF610_MRPL45_488_2cell_C5_Airyscan Processing-1.tif:ID46807719,0.084,174.425,133,215,26.484,15.222,100.000,132,65535
111,MAX_20241221_Exp97_RNA-FISH_Cytb_CF610_MRPL45_488_2cell_C5_Airyscan Processing-1.tif:ID46807716,0.077,182.425,134,222,21.482,14.925,91.250,132,65535
112,MAX_20241221_Exp97_RNA-FISH_Cytb_CF610_MRPL45_488_2cell_C5_Airyscan Processing-1.tif:ID46807717,0.084,229.700,162,296,22.622,15.124,100.000,132,65535
113,MAX_20241221_Exp97_RNA-FISH_Cytb_CF610_MRPL45_488_2cell_C5_Airyscan Processing-1.tif:ID46807738,0.050,162.872,132,198,24.696,18.408,58.750,132,65535
114,MAX_20241221_Exp97_RNA-FISH_Cytb_CF610_MRPL45_488_2cell_C5_Airyscan Processing-1.tif:ID46807739,0.070,165.439,136,199,16.042,18.467,82.500,132,65535
115,MAX_20241221_Exp97_RNA-FISH_Cytb_CF610_MRPL45_488_2cell_C5_Airyscan Processing-1.tif:ID46807736,0.072,171.118,132,219,20.983,17.793,85.000,132,65535
116,MAX_20241221_Exp97_RNA-FISH_Cytb_CF610_MRPL45_488_2cell_C5_Airyscan Processing-1.tif:ID46807737,0.084,265.700,146,354,20.285,18.338,100.000,132,65535
117,MAX_20241221_Exp97_RNA-FISH_Cytb_CF610_MRPL45_488_2cell_C5_Airyscan Processing-1.tif:ID46807742,0.056,158.245,132,188,29.162,18.779,66.250,132,65535
118,MAX_20241221_Exp97_RNA-FISH_Cytb_CF610_MRPL45_488_2cell_C5_Airyscan Processing-1.tif:ID46807743,0.081,218.766,134,305,16.813,18.794,96.250,132,65535
119,MAX_20241221_Exp97_RNA-FISH_Cytb_CF610_MRPL45_488_2cell_C5_Airyscan Processing-1.tif:ID46807740,0.081,224.948,132,305,25.806,18.472,96.250,132,65535
120,MAX_20241221_Exp97_RNA-FISH_Cytb_CF610_MRPL45_488_2cell_C5_Airyscan Processing-1.tif:ID46807741,0.074,190.186,133,254,22.350,18.688,87.500,132,65535
121,MAX_20241221_Exp97_RNA-FISH_Cytb_CF610_MRPL45_488_2cell_C5_Airyscan Processing-1.tif:ID46807730,0.054,151.118,132,172,29.471,16.415,63.750,132,65535
122,MAX_20241221_Exp97_RNA-FISH_Cytb_CF610_MRPL45_488_2cell_C5_Airyscan Processing-1.tif:ID46807731,0.082,219.923,135,299,18.110,16.488,97.500,132,65535
123,MAX_20241221_Exp97_RNA-FISH_Cytb_CF610_MRPL45_488_2cell_C5_Airyscan Processing-1.tif:ID46807728,0.078,190.081,132,267,16.060,16.288,92.500,132,65535
124,MAX_20241221_Exp97_RNA-FISH_Cytb_CF610_MRPL45_488_2cell_C5_Airyscan Processing-1.tif:ID46807729,0.078,192.824,135,246,30.476,16.326,92.500,132,65535
125,MAX_20241221_Exp97_RNA-FISH_Cytb_CF610_MRPL45_488_2cell_C5_Airyscan Processing-1.tif:ID46807734,0.073,201.043,136,264,21.292,16.846,86.250,132,65535
126,MAX_20241221_Exp97_RNA-FISH_Cytb_CF610_MRPL45_488_2cell_C5_Airyscan Processing-1.tif:ID46807735,0.029,149.250,133,171,30.639,16.886,35.000,132,65535
127,MAX_20241221_Exp97_RNA-FISH_Cytb_CF610_MRPL45_488_2cell_C5_Airyscan Processing-1.tif:ID46807732,0.084,278.663,152,382,30.995,16.585,100.000,132,65535
128,MAX_20241221_Exp97_RNA-FISH_Cytb_CF610_MRPL45_488_2cell_C5_Airyscan Processing-1.tif:ID46807733,0.084,231.787,134,303,19.084,16.747,100.000,132,65535
129,MAX_20241221_Exp97_RNA-FISH_Cytb_CF610_MRPL45_488_2cell_C5_Airyscan Processing-1.tif:ID46807626,0.078,225.541,132,300,13.896,13.312,92.500,132,65535
130,MAX_20241221_Exp97_RNA-FISH_Cytb_CF610_MRPL45_488_2cell_C5_Airyscan Processing-1.tif:ID46807627,0.070,185.652,135,235,13.605,13.564,82.500,132,65535
131,MAX_20241221_Exp97_RNA-FISH_Cytb_CF610_MRPL45_488_2cell_C5_Airyscan Processing-1.tif:ID46807625,0.045,154.791,132,176,15.465,12.999,53.750,132,65535
132,MAX_20241221_Exp97_RNA-FISH_Cytb_CF610_MRPL45_488_2cell_C5_Airyscan Processing-1.tif:ID46807630,0.084,275.675,160,358,14.378,18.402,100.000,132,65535
133,MAX_20241221_Exp97_RNA-FISH_Cytb_CF610_MRPL45_488_2cell_C5_Airyscan Processing-1.tif:ID46807631,0.055,158.481,133,186,11.924,19.145,65.000,132,65535
134,MAX_20241221_Exp97_RNA-FISH_Cytb_CF610_MRPL45_488_2cell_C5_Airyscan Processing-1.tif:ID46807628,0.083,245.709,133,353,13.990,15.126,98.750,132,65535
135,MAX_20241221_Exp97_RNA-FISH_Cytb_CF610_MRPL45_488_2cell_C5_Airyscan Processing-1.tif:ID46807629,0.083,331.873,158,472,12.140,15.678,98.750,132,65535
136,MAX_20241221_Exp97_RNA-FISH_Cytb_CF610_MRPL45_488_2cell_C5_Airyscan Processing-1.tif:ID46807642,0.022,144.952,133,161,11.892,21.820,26.250,132,65535
137,MAX_20241221_Exp97_RNA-FISH_Cytb_CF610_MRPL45_488_2cell_C5_Airyscan Processing-1.tif:ID46807643,0.082,198.090,132,260,12.172,22.268,97.500,132,65535
138,MAX_20241221_Exp97_RNA-FISH_Cytb_CF610_MRPL45_488_2cell_C5_Airyscan Processing-1.tif:ID46807640,0.084,216.688,139,285,11.424,21.064,100.000,132,65535
139,MAX_20241221_Exp97_RNA-FISH_Cytb_CF610_MRPL45_488_2cell_C5_Airyscan Processing-1.tif:ID46807641,0.083,220.443,134,302,9.900,21.130,98.750,132,65535
140,MAX_20241221_Exp97_RNA-FISH_Cytb_CF610_MRPL45_488_2cell_C5_Airyscan Processing-1.tif:ID46807646,0.074,177.414,134,214,12.454,22.713,87.500,132,65535
141,MAX_20241221_Exp97_RNA-FISH_Cytb_CF610_MRPL45_488_2cell_C5_Airyscan Processing-1.tif:ID46807647,0.084,369.950,194,472,10.451,23.238,100.000,132,65535
142,MAX_20241221_Exp97_RNA-FISH_Cytb_CF610_MRPL45_488_2cell_C5_Airyscan Processing-1.tif:ID46807644,0.083,323.734,138,458,11.718,22.428,98.750,132,65535
143,MAX_20241221_Exp97_RNA-FISH_Cytb_CF610_MRPL45_488_2cell_C5_Airyscan Processing-1.tif:ID46807645,0.084,260.875,152,362,10.581,22.654,100.000,132,65535
144,MAX_20241221_Exp97_RNA-FISH_Cytb_CF610_MRPL45_488_2cell_C5_Airyscan Processing-1.tif:ID46807634,0.052,155.918,132,186,15.290,20.138,61.250,132,65535
145,MAX_20241221_Exp97_RNA-FISH_Cytb_CF610_MRPL45_488_2cell_C5_Airyscan Processing-1.tif:ID46807635,0.077,199.808,133,280,12.615,20.189,91.250,132,65535
146,MAX_20241221_Exp97_RNA-FISH_Cytb_CF610_MRPL45_488_2cell_C5_Airyscan Processing-1.tif:ID46807632,0.080,206.184,132,266,14.153,19.573,95.000,132,65535
147,MAX_20241221_Exp97_RNA-FISH_Cytb_CF610_MRPL45_488_2cell_C5_Airyscan Processing-1.tif:ID46807633,0.084,324.600,167,440,14.800,19.603,100.000,132,65535
148,MAX_20241221_Exp97_RNA-FISH_Cytb_CF610_MRPL45_488_2cell_C5_Airyscan Processing-1.tif:ID46807638,0.075,204.507,132,267,10.008,20.750,88.750,132,65535
149,MAX_20241221_Exp97_RNA-FISH_Cytb_CF610_MRPL45_488_2cell_C5_Airyscan Processing-1.tif:ID46807639,0.052,156.918,132,186,10.410,20.991,61.250,132,65535
150,MAX_20241221_Exp97_RNA-FISH_Cytb_CF610_MRPL45_488_2cell_C5_Airyscan Processing-1.tif:ID46807636,0.083,270.013,141,365,14.055,20.384,98.750,132,65535
151,MAX_20241221_Exp97_RNA-FISH_Cytb_CF610_MRPL45_488_2cell_C5_Airyscan Processing-1.tif:ID46807637,0.073,168.971,135,204,11.306,20.513,86.250,132,65535
152,MAX_20241221_Exp97_RNA-FISH_Cytb_CF610_MRPL45_488_2cell_C5_Airyscan Processing-1.tif:ID46807658,0.062,170.847,132,202,15.271,25.434,73.750,132,65535
153,MAX_20241221_Exp97_RNA-FISH_Cytb_CF610_MRPL45_488_2cell_C5_Airyscan Processing-1.tif:ID46807659,0.084,349.125,176,493,8.211,25.478,100.000,132,65535
154,MAX_20241221_Exp97_RNA-FISH_Cytb_CF610_MRPL45_488_2cell_C5_Airyscan Processing-1.tif:ID46807656,0.062,167.508,133,212,12.235,25.248,73.750,132,65535
155,MAX_20241221_Exp97_RNA-FISH_Cytb_CF610_MRPL45_488_2cell_C5_Airyscan Processing-1.tif:ID46807657,0.041,160.282,133,192,13.517,25.361,48.750,132,65535
156,MAX_20241221_Exp97_RNA-FISH_Cytb_CF610_MRPL45_488_2cell_C5_Airyscan Processing-1.tif:ID46807662,0.076,190.097,137,232,9.251,25.871,90.000,132,65535
157,MAX_20241221_Exp97_RNA-FISH_Cytb_CF610_MRPL45_488_2cell_C5_Airyscan Processing-1.tif:ID46807663,0.074,175.914,132,213,11.668,25.924,87.500,132,65535
158,MAX_20241221_Exp97_RNA-FISH_Cytb_CF610_MRPL45_488_2cell_C5_Airyscan Processing-1.tif:ID46807660,0.081,218.558,132,300,11.818,25.482,96.250,132,65535
159,MAX_20241221_Exp97_RNA-FISH_Cytb_CF610_MRPL45_488_2cell_C5_Airyscan Processing-1.tif:ID46807661,0.083,202.228,133,251,10.939,25.673,98.750,132,65535
160,MAX_20241221_Exp97_RNA-FISH_Cytb_CF610_MRPL45_488_2cell_C5_Airyscan Processing-1.tif:ID46807650,0.000,NaN,255,130,NaN,NaN,0.000,132,65535
161,MAX_20241221_Exp97_RNA-FISH_Cytb_CF610_MRPL45_488_2cell_C5_Airyscan Processing-1.tif:ID46807651,0.058,152.473,132,175,14.965,23.862,68.750,132,65535
162,MAX_20241221_Exp97_RNA-FISH_Cytb_CF610_MRPL45_488_2cell_C5_Airyscan Processing-1.tif:ID46807648,0.072,189.235,132,256,14.480,23.238,85.000,132,65535
163,MAX_20241221_Exp97_RNA-FISH_Cytb_CF610_MRPL45_488_2cell_C5_Airyscan Processing-1.tif:ID46807649,0.035,142.121,132,151,15.808,23.235,41.250,132,65535
164,MAX_20241221_Exp97_RNA-FISH_Cytb_CF610_MRPL45_488_2cell_C5_Airyscan Processing-1.tif:ID46807654,0.032,150.400,134,170,11.753,25.052,37.500,132,65535
165,MAX_20241221_Exp97_RNA-FISH_Cytb_CF610_MRPL45_488_2cell_C5_Airyscan Processing-1.tif:ID46807655,0.027,146.462,135,160,14.837,25.162,32.500,132,65535
166,MAX_20241221_Exp97_RNA-FISH_Cytb_CF610_MRPL45_488_2cell_C5_Airyscan Processing-1.tif:ID46807652,0.059,180.143,134,237,15.141,24.334,70.000,132,65535
167,MAX_20241221_Exp97_RNA-FISH_Cytb_CF610_MRPL45_488_2cell_C5_Airyscan Processing-1.tif:ID46807653,0.031,138.621,132,144,9.205,24.964,36.250,132,65535
168,MAX_20241221_Exp97_RNA-FISH_Cytb_CF610_MRPL45_488_2cell_C5_Airyscan Processing-1.tif:ID46807674,0.080,216.645,132,284,10.003,29.603,95.000,132,65535
169,MAX_20241221_Exp97_RNA-FISH_Cytb_CF610_MRPL45_488_2cell_C5_Airyscan Processing-1.tif:ID46807675,0.084,211.000,134,279,12.917,30.703,100.000,132,65535
170,MAX_20241221_Exp97_RNA-FISH_Cytb_CF610_MRPL45_488_2cell_C5_Airyscan Processing-1.tif:ID46807672,0.065,165.855,133,208,11.049,29.314,77.500,132,65535
171,MAX_20241221_Exp97_RNA-FISH_Cytb_CF610_MRPL45_488_2cell_C5_Airyscan Processing-1.tif:ID46807673,0.071,185.612,134,235,11.487,29.437,83.750,132,65535
172,MAX_20241221_Exp97_RNA-FISH_Cytb_CF610_MRPL45_488_2cell_C5_Airyscan Processing-1.tif:ID46807678,0.084,506.125,252,658,14.897,33.170,100.000,132,65535
173,MAX_20241221_Exp97_RNA-FISH_Cytb_CF610_MRPL45_488_2cell_C5_Airyscan Processing-1.tif:ID46807679,0.082,247.962,145,345,11.005,33.365,97.500,132,65535
174,MAX_20241221_Exp97_RNA-FISH_Cytb_CF610_MRPL45_488_2cell_C5_Airyscan Processing-1.tif:ID46807676,0.084,325.062,155,450,11.489,32.521,100.000,132,65535
175,MAX_20241221_Exp97_RNA-FISH_Cytb_CF610_MRPL45_488_2cell_C5_Airyscan Processing-1.tif:ID46807677,0.080,183.868,132,250,13.307,32.946,95.000,132,65535
176,MAX_20241221_Exp97_RNA-FISH_Cytb_CF610_MRPL45_488_2cell_C5_Airyscan Processing-1.tif:ID46807666,0.081,213.247,134,277,9.896,27.323,96.250,132,65535
177,MAX_20241221_Exp97_RNA-FISH_Cytb_CF610_MRPL45_488_2cell_C5_Airyscan Processing-1.tif:ID46807667,0.033,140.323,132,151,10.617,27.352,38.750,132,65535
178,MAX_20241221_Exp97_RNA-FISH_Cytb_CF610_MRPL45_488_2cell_C5_Airyscan Processing-1.tif:ID46807664,0.084,282.938,192,347,11.197,25.997,100.000,132,65535
179,MAX_20241221_Exp97_RNA-FISH_Cytb_CF610_MRPL45_488_2cell_C5_Airyscan Processing-1.tif:ID46807665,0.066,177.540,132,216,13.212,26.711,78.750,132,65535
180,MAX_20241221_Exp97_RNA-FISH_Cytb_CF610_MRPL45_488_2cell_C5_Airyscan Processing-1.tif:ID46807670,0.064,166.016,132,196,9.432,29.081,76.250,132,65535
181,MAX_20241221_Exp97_RNA-FISH_Cytb_CF610_MRPL45_488_2cell_C5_Airyscan Processing-1.tif:ID46807671,0.045,153.791,133,180,10.628,29.250,53.750,132,65535
182,MAX_20241221_Exp97_RNA-FISH_Cytb_CF610_MRPL45_488_2cell_C5_Airyscan Processing-1.tif:ID46807668,0.061,154.500,132,178,12.785,27.432,72.500,132,65535
183,MAX_20241221_Exp97_RNA-FISH_Cytb_CF610_MRPL45_488_2cell_C5_Airyscan Processing-1.tif:ID46807669,0.052,155.980,134,183,10.714,28.932,61.250,132,65535
184,MAX_20241221_Exp97_RNA-FISH_Cytb_CF610_MRPL45_488_2cell_C5_Airyscan Processing-1.tif:ID46808010,0.078,211.149,136,254,35.223,44.731,92.500,132,65535
185,MAX_20241221_Exp97_RNA-FISH_Cytb_CF610_MRPL45_488_2cell_C5_Airyscan Processing-1.tif:ID46808011,0.084,237.400,153,287,35.539,44.919,100.000,132,65535
186,MAX_20241221_Exp97_RNA-FISH_Cytb_CF610_MRPL45_488_2cell_C5_Airyscan Processing-1.tif:ID46808008,0.084,384.675,202,515,40.148,44.497,100.000,132,65535
187,MAX_20241221_Exp97_RNA-FISH_Cytb_CF610_MRPL45_488_2cell_C5_Airyscan Processing-1.tif:ID46808009,0.071,184.134,137,230,38.798,44.539,83.750,132,65535
188,MAX_20241221_Exp97_RNA-FISH_Cytb_CF610_MRPL45_488_2cell_C5_Airyscan Processing-1.tif:ID46808014,0.075,185.507,135,236,35.849,45.206,88.750,132,65535
189,MAX_20241221_Exp97_RNA-FISH_Cytb_CF610_MRPL45_488_2cell_C5_Airyscan Processing-1.tif:ID46808015,0.035,142.970,132,159,42.801,45.199,41.250,132,65535
190,MAX_20241221_Exp97_RNA-FISH_Cytb_CF610_MRPL45_488_2cell_C5_Airyscan Processing-1.tif:ID46808012,0.083,250.582,134,334,39.760,44.953,98.750,132,65535
191,MAX_20241221_Exp97_RNA-FISH_Cytb_CF610_MRPL45_488_2cell_C5_Airyscan Processing-1.tif:ID46808013,0.056,146.208,133,159,32.681,45.145,66.250,132,65535
192,MAX_20241221_Exp97_RNA-FISH_Cytb_CF610_MRPL45_488_2cell_C5_Airyscan Processing-1.tif:ID46808002,0.042,151.450,132,175,32.757,43.167,50.000,132,65535
193,MAX_20241221_Exp97_RNA-FISH_Cytb_CF610_MRPL45_488_2cell_C5_Airyscan Processing-1.tif:ID46808003,0.060,154.000,132,175,41.208,43.352,71.250,132,65535
194,MAX_20241221_Exp97_RNA-FISH_Cytb_CF610_MRPL45_488_2cell_C5_Airyscan Processing-1.tif:ID46808000,0.043,150.220,132,177,44.774,42.801,51.250,132,65535
195,MAX_20241221_Exp97_RNA-FISH_Cytb_CF610_MRPL45_488_2cell_C5_Airyscan Processing-1.tif:ID46808001,0.084,223.287,149,273,35.507,43.036,100.000,132,65535
196,MAX_20241221_Exp97_RNA-FISH_Cytb_CF610_MRPL45_488_2cell_C5_Airyscan Processing-1.tif:ID46808006,0.052,155.837,133,184,39.289,44.131,61.250,132,65535
197,MAX_20241221_Exp97_RNA-FISH_Cytb_CF610_MRPL45_488_2cell_C5_Airyscan Processing-1.tif:ID46808007,0.083,255.937,140,341,32.717,44.304,98.750,132,65535
198,MAX_20241221_Exp97_RNA-FISH_Cytb_CF610_MRPL45_488_2cell_C5_Airyscan Processing-1.tif:ID46808004,0.053,157.140,136,182,41.040,43.417,62.500,132,65535
199,MAX_20241221_Exp97_RNA-FISH_Cytb_CF610_MRPL45_488_2cell_C5_Airyscan Processing-1.tif:ID46808005,0.081,199.792,134,260,45.118,43.722,96.250,132,65535
200,MAX_20241221_Exp97_RNA-FISH_Cytb_CF610_MRPL45_488_2cell_C5_Airyscan Processing-1.tif:ID46808026,0.055,152.885,132,170,43.574,48.051,65.000,132,65535
201,MAX_20241221_Exp97_RNA-FISH_Cytb_CF610_MRPL45_488_2cell_C5_Airyscan Processing-1.tif:ID46808027,0.072,166.191,132,209,42.225,48.950,85.000,132,65535
202,MAX_20241221_Exp97_RNA-FISH_Cytb_CF610_MRPL45_488_2cell_C5_Airyscan Processing-1.tif:ID46808024,0.071,200.701,132,267,39.106,47.423,83.750,132,65535
203,MAX_20241221_Exp97_RNA-FISH_Cytb_CF610_MRPL45_488_2cell_C5_Airyscan Processing-1.tif:ID46808025,0.070,178.364,134,230,41.352,47.680,82.500,132,65535
204,MAX_20241221_Exp97_RNA-FISH_Cytb_CF610_MRPL45_488_2cell_C5_Airyscan Processing-1.tif:ID46808030,0.076,188.806,137,237,45.970,49.373,90.000,132,65535
205,MAX_20241221_Exp97_RNA-FISH_Cytb_CF610_MRPL45_488_2cell_C5_Airyscan Processing-1.tif:ID46808031,0.075,181.746,135,233,38.507,49.470,88.750,132,65535
206,MAX_20241221_Exp97_RNA-FISH_Cytb_CF610_MRPL45_488_2cell_C5_Airyscan Processing-1.tif:ID46808028,0.079,187.200,133,232,45.139,48.969,93.750,132,65535
207,MAX_20241221_Exp97_RNA-FISH_Cytb_CF610_MRPL45_488_2cell_C5_Airyscan Processing-1.tif:ID46808029,0.084,196.262,135,236,46.217,49.365,100.000,132,65535
208,MAX_20241221_Exp97_RNA-FISH_Cytb_CF610_MRPL45_488_2cell_C5_Airyscan Processing-1.tif:ID46808018,0.026,144.960,132,160,46.960,45.842,31.250,132,65535
209,MAX_20241221_Exp97_RNA-FISH_Cytb_CF610_MRPL45_488_2cell_C5_Airyscan Processing-1.tif:ID46808019,0.061,170.776,132,222,39.153,46.085,72.500,132,65535
210,MAX_20241221_Exp97_RNA-FISH_Cytb_CF610_MRPL45_488_2cell_C5_Airyscan Processing-1.tif:ID46808016,0.083,201.038,135,261,35.474,45.371,98.750,132,65535
211,MAX_20241221_Exp97_RNA-FISH_Cytb_CF610_MRPL45_488_2cell_C5_Airyscan Processing-1.tif:ID46808017,0.070,187.894,133,243,38.615,45.462,82.500,132,65535
212,MAX_20241221_Exp97_RNA-FISH_Cytb_CF610_MRPL45_488_2cell_C5_Airyscan Processing-1.tif:ID46808022,0.021,141.500,133,154,46.267,46.983,25.000,132,65535
213,MAX_20241221_Exp97_RNA-FISH_Cytb_CF610_MRPL45_488_2cell_C5_Airyscan Processing-1.tif:ID46808023,0.084,218.525,132,283,38.590,47.353,100.000,132,65535
214,MAX_20241221_Exp97_RNA-FISH_Cytb_CF610_MRPL45_488_2cell_C5_Airyscan Processing-1.tif:ID46808020,0.041,146.821,134,163,42.918,46.386,48.750,132,65535
215,MAX_20241221_Exp97_RNA-FISH_Cytb_CF610_MRPL45_488_2cell_C5_Airyscan Processing-1.tif:ID46808021,0.075,182.972,140,224,35.352,46.746,88.750,132,65535
216,MAX_20241221_Exp97_RNA-FISH_Cytb_CF610_MRPL45_488_2cell_C5_Airyscan Processing-1.tif:ID46808042,0.084,302.363,162,409,45.016,52.059,100.000,132,65535
217,MAX_20241221_Exp97_RNA-FISH_Cytb_CF610_MRPL45_488_2cell_C5_Airyscan Processing-1.tif:ID46808043,0.066,169.238,132,206,46.634,52.145,78.750,132,65535
218,MAX_20241221_Exp97_RNA-FISH_Cytb_CF610_MRPL45_488_2cell_C5_Airyscan Processing-1.tif:ID46808040,0.082,231.192,134,315,45.243,51.702,97.500,132,65535
219,MAX_20241221_Exp97_RNA-FISH_Cytb_CF610_MRPL45_488_2cell_C5_Airyscan Processing-1.tif:ID46808041,0.037,142.800,132,158,42.079,51.723,43.750,132,65535
220,MAX_20241221_Exp97_RNA-FISH_Cytb_CF610_MRPL45_488_2cell_C5_Airyscan Processing-1.tif:ID46808046,0.084,256.375,159,332,47.872,22.719,100.000,132,65535
221,MAX_20241221_Exp97_RNA-FISH_Cytb_CF610_MRPL45_488_2cell_C5_Airyscan Processing-1.tif:ID46808047,0.068,186.923,139,234,51.323,22.768,81.250,132,65535
222,MAX_20241221_Exp97_RNA-FISH_Cytb_CF610_MRPL45_488_2cell_C5_Airyscan Processing-1.tif:ID46808044,0.000,NaN,255,110,NaN,NaN,0.000,132,65535
223,MAX_20241221_Exp97_RNA-FISH_Cytb_CF610_MRPL45_488_2cell_C5_Airyscan Processing-1.tif:ID46808045,0.078,202.770,141,261,50.409,22.173,92.500,132,65535
224,MAX_20241221_Exp97_RNA-FISH_Cytb_CF610_MRPL45_488_2cell_C5_Airyscan Processing-1.tif:ID46808034,0.040,142.658,132,154,44.525,49.955,47.500,132,65535
225,MAX_20241221_Exp97_RNA-FISH_Cytb_CF610_MRPL45_488_2cell_C5_Airyscan Processing-1.tif:ID46808035,0.043,149.000,132,169,36.424,50.041,51.250,132,65535
226,MAX_20241221_Exp97_RNA-FISH_Cytb_CF610_MRPL45_488_2cell_C5_Airyscan Processing-1.tif:ID46808032,0.020,142.895,132,157,36.816,49.604,23.750,132,65535
227,MAX_20241221_Exp97_RNA-FISH_Cytb_CF610_MRPL45_488_2cell_C5_Airyscan Processing-1.tif:ID46808033,0.065,170.161,132,219,38.650,49.726,77.500,132,65535
228,MAX_20241221_Exp97_RNA-FISH_Cytb_CF610_MRPL45_488_2cell_C5_Airyscan Processing-1.tif:ID46808038,0.040,144.974,132,163,42.409,51.004,47.500,132,65535
229,MAX_20241221_Exp97_RNA-FISH_Cytb_CF610_MRPL45_488_2cell_C5_Airyscan Processing-1.tif:ID46808039,0.081,181.545,132,222,42.942,51.508,96.250,132,65535
230,MAX_20241221_Exp97_RNA-FISH_Cytb_CF610_MRPL45_488_2cell_C5_Airyscan Processing-1.tif:ID46808036,0.015,138.429,133,145,43.685,50.404,17.500,132,65535
231,MAX_20241221_Exp97_RNA-FISH_Cytb_CF610_MRPL45_488_2cell_C5_Airyscan Processing-1.tif:ID46808037,0.068,180.092,134,233,46.501,50.666,81.250,132,65535
232,MAX_20241221_Exp97_RNA-FISH_Cytb_CF610_MRPL45_488_2cell_C5_Airyscan Processing-1.tif:ID46808058,0.078,195.338,132,250,55.403,26.001,92.500,132,65535
233,MAX_20241221_Exp97_RNA-FISH_Cytb_CF610_MRPL45_488_2cell_C5_Airyscan Processing-1.tif:ID46808059,0.074,194.871,134,248,54.049,26.392,87.500,132,65535
234,MAX_20241221_Exp97_RNA-FISH_Cytb_CF610_MRPL45_488_2cell_C5_Airyscan Processing-1.tif:ID46808056,0.084,273.750,141,366,54.785,25.608,100.000,132,65535
235,MAX_20241221_Exp97_RNA-FISH_Cytb_CF610_MRPL45_488_2cell_C5_Airyscan Processing-1.tif:ID46808057,0.000,NaN,255,130,NaN,NaN,0.000,132,65535
236,MAX_20241221_Exp97_RNA-FISH_Cytb_CF610_MRPL45_488_2cell_C5_Airyscan Processing-1.tif:ID46808062,0.052,156.796,133,192,50.545,27.321,61.250,132,65535
237,MAX_20241221_Exp97_RNA-FISH_Cytb_CF610_MRPL45_488_2cell_C5_Airyscan Processing-1.tif:ID46808063,0.041,160.538,139,190,54.978,27.359,48.750,132,65535
238,MAX_20241221_Exp97_RNA-FISH_Cytb_CF610_MRPL45_488_2cell_C5_Airyscan Processing-1.tif:ID46808060,0.055,157.500,132,185,53.048,27.020,65.000,132,65535
239,MAX_20241221_Exp97_RNA-FISH_Cytb_CF610_MRPL45_488_2cell_C5_Airyscan Processing-1.tif:ID46808061,0.080,171.724,133,214,51.608,27.302,95.000,132,65535
240,MAX_20241221_Exp97_RNA-FISH_Cytb_CF610_MRPL45_488_2cell_C5_Airyscan Processing-1.tif:ID46808050,0.083,211.000,137,261,49.172,23.337,98.750,132,65535
241,MAX_20241221_Exp97_RNA-FISH_Cytb_CF610_MRPL45_488_2cell_C5_Airyscan Processing-1.tif:ID46808051,0.063,169.283,134,210,50.255,24.398,75.000,132,65535
242,MAX_20241221_Exp97_RNA-FISH_Cytb_CF610_MRPL45_488_2cell_C5_Airyscan Processing-1.tif:ID46808048,0.084,255.488,146,362,50.469,23.044,100.000,132,65535
243,MAX_20241221_Exp97_RNA-FISH_Cytb_CF610_MRPL45_488_2cell_C5_Airyscan Processing-1.tif:ID46808049,0.076,159.292,132,190,50.954,23.329,90.000,132,65535
244,MAX_20241221_Exp97_RNA-FISH_Cytb_CF610_MRPL45_488_2cell_C5_Airyscan Processing-1.tif:ID46808054,0.014,137.000,132,143,54.250,25.130,16.250,132,65535
245,MAX_20241221_Exp97_RNA-FISH_Cytb_CF610_MRPL45_488_2cell_C5_Airyscan Processing-1.tif:ID46808055,0.074,178.271,138,216,52.072,25.231,87.500,132,65535
246,MAX_20241221_Exp97_RNA-FISH_Cytb_CF610_MRPL45_488_2cell_C5_Airyscan Processing-1.tif:ID46808052,0.080,221.974,142,287,48.203,24.574,95.000,132,65535
247,MAX_20241221_Exp97_RNA-FISH_Cytb_CF610_MRPL45_488_2cell_C5_Airyscan Processing-1.tif:ID46808053,0.084,234.963,143,311,52.481,25.023,100.000,132,65535
248,MAX_20241221_Exp97_RNA-FISH_Cytb_CF610_MRPL45_488_2cell_C5_Airyscan Processing-1.tif:ID46807946,0.080,210.855,132,278,37.620,35.703,95.000,132,65535
249,MAX_20241221_Exp97_RNA-FISH_Cytb_CF610_MRPL45_488_2cell_C5_Airyscan Processing-1.tif:ID46807947,0.084,363.988,256,467,33.202,35.929,100.000,132,65535
250,MAX_20241221_Exp97_RNA-FISH_Cytb_CF610_MRPL45_488_2cell_C5_Airyscan Processing-1.tif:ID46807944,0.084,275.762,202,340,37.908,35.572,100.000,132,65535
251,MAX_20241221_Exp97_RNA-FISH_Cytb_CF610_MRPL45_488_2cell_C5_Airyscan Processing-1.tif:ID46807945,0.083,247.506,135,347,44.304,35.638,98.750,132,65535
252,MAX_20241221_Exp97_RNA-FISH_Cytb_CF610_MRPL45_488_2cell_C5_Airyscan Processing-1.tif:ID46807950,0.025,138.125,132,143,43.231,36.253,30.000,132,65535
253,MAX_20241221_Exp97_RNA-FISH_Cytb_CF610_MRPL45_488_2cell_C5_Airyscan Processing-1.tif:ID46807951,0.074,186.071,132,250,42.814,36.681,87.500,132,65535
254,MAX_20241221_Exp97_RNA-FISH_Cytb_CF610_MRPL45_488_2cell_C5_Airyscan Processing-1.tif:ID46807948,0.017,140.250,133,148,40.353,36.048,20.000,132,65535
255,MAX_20241221_Exp97_RNA-FISH_Cytb_CF610_MRPL45_488_2cell_C5_Airyscan Processing-1.tif:ID46807949,0.027,146.385,132,164,44.186,36.138,32.500,132,65535
256,MAX_20241221_Exp97_RNA-FISH_Cytb_CF610_MRPL45_488_2cell_C5_Airyscan Processing-1.tif:ID46807938,0.050,151.745,132,172,39.373,34.789,58.750,132,65535
257,MAX_20241221_Exp97_RNA-FISH_Cytb_CF610_MRPL45_488_2cell_C5_Airyscan Processing-1.tif:ID46807939,0.084,259.700,137,379,42.485,34.858,100.000,132,65535
258,MAX_20241221_Exp97_RNA-FISH_Cytb_CF610_MRPL45_488_2cell_C5_Airyscan Processing-1.tif:ID46807936,0.080,218.303,134,295,32.039,34.571,95.000,132,65535
259,MAX_20241221_Exp97_RNA-FISH_Cytb_CF610_MRPL45_488_2cell_C5_Airyscan Processing-1.tif:ID46807937,0.071,175.851,132,221,32.371,34.658,83.750,132,65535
260,MAX_20241221_Exp97_RNA-FISH_Cytb_CF610_MRPL45_488_2cell_C5_Airyscan Processing-1.tif:ID46807942,0.022,146.857,132,164,43.737,35.180,26.250,132,65535
261,MAX_20241221_Exp97_RNA-FISH_Cytb_CF610_MRPL45_488_2cell_C5_Airyscan Processing-1.tif:ID46807943,0.076,208.722,135,301,42.940,35.576,90.000,132,65535
262,MAX_20241221_Exp97_RNA-FISH_Cytb_CF610_MRPL45_488_2cell_C5_Airyscan Processing-1.tif:ID46807940,0.046,150.659,132,173,44.448,34.855,55.000,132,65535
263,MAX_20241221_Exp97_RNA-FISH_Cytb_CF610_MRPL45_488_2cell_C5_Airyscan Processing-1.tif:ID46807941,0.084,212.088,166,255,47.256,35.052,100.000,132,65535
264,MAX_20241221_Exp97_RNA-FISH_Cytb_CF610_MRPL45_488_2cell_C5_Airyscan Processing-1.tif:ID46807962,0.043,153.537,132,179,42.479,38.758,51.250,132,65535
265,MAX_20241221_Exp97_RNA-FISH_Cytb_CF610_MRPL45_488_2cell_C5_Airyscan Processing-1.tif:ID46807963,0.078,249.811,138,319,44.977,38.776,92.500,132,65535
266,MAX_20241221_Exp97_RNA-FISH_Cytb_CF610_MRPL45_488_2cell_C5_Airyscan Processing-1.tif:ID46807960,0.084,639.525,418,755,44.432,38.622,100.000,132,65535
267,MAX_20241221_Exp97_RNA-FISH_Cytb_CF610_MRPL45_488_2cell_C5_Airyscan Processing-1.tif:ID46807961,0.064,157.967,132,194,45.590,38.738,76.250,132,65535
268,MAX_20241221_Exp97_RNA-FISH_Cytb_CF610_MRPL45_488_2cell_C5_Airyscan Processing-1.tif:ID46807966,0.025,145.917,133,162,32.701,39.362,30.000,132,65535
269,MAX_20241221_Exp97_RNA-FISH_Cytb_CF610_MRPL45_488_2cell_C5_Airyscan Processing-1.tif:ID46807967,0.084,268.462,154,341,42.582,39.369,100.000,132,65535
270,MAX_20241221_Exp97_RNA-FISH_Cytb_CF610_MRPL45_488_2cell_C5_Airyscan Processing-1.tif:ID46807964,0.067,156.031,132,177,36.246,39.076,80.000,132,65535
271,MAX_20241221_Exp97_RNA-FISH_Cytb_CF610_MRPL45_488_2cell_C5_Airyscan Processing-1.tif:ID46807965,0.079,189.333,138,242,47.092,39.281,93.750,132,65535
272,MAX_20241221_Exp97_RNA-FISH_Cytb_CF610_MRPL45_488_2cell_C5_Airyscan Processing-1.tif:ID46807954,0.047,158.578,132,193,42.865,37.782,56.250,132,65535
273,MAX_20241221_Exp97_RNA-FISH_Cytb_CF610_MRPL45_488_2cell_C5_Airyscan Processing-1.tif:ID46807955,0.081,181.143,133,231,43.617,37.904,96.250,132,65535
274,MAX_20241221_Exp97_RNA-FISH_Cytb_CF610_MRPL45_488_2cell_C5_Airyscan Processing-1.tif:ID46807952,0.083,296.228,149,401,38.364,36.839,98.750,132,65535
275,MAX_20241221_Exp97_RNA-FISH_Cytb_CF610_MRPL45_488_2cell_C5_Airyscan Processing-1.tif:ID46807953,0.084,430.788,315,527,41.414,37.551,100.000,132,65535
276,MAX_20241221_Exp97_RNA-FISH_Cytb_CF610_MRPL45_488_2cell_C5_Airyscan Processing-1.tif:ID46807958,0.084,252.800,171,319,45.114,38.493,100.000,132,65535
277,MAX_20241221_Exp97_RNA-FISH_Cytb_CF610_MRPL45_488_2cell_C5_Airyscan Processing-1.tif:ID46807959,0.084,320.600,173,418,47.288,38.525,100.000,132,65535
278,MAX_20241221_Exp97_RNA-FISH_Cytb_CF610_MRPL45_488_2cell_C5_Airyscan Processing-1.tif:ID46807956,0.084,246.675,143,313,45.081,37.941,100.000,132,65535
279,MAX_20241221_Exp97_RNA-FISH_Cytb_CF610_MRPL45_488_2cell_C5_Airyscan Processing-1.tif:ID46807957,0.057,158.296,133,190,38.942,38.303,67.500,132,65535
280,MAX_20241221_Exp97_RNA-FISH_Cytb_CF610_MRPL45_488_2cell_C5_Airyscan Processing-1.tif:ID46807978,0.084,372.675,191,477,40.343,40.862,100.000,132,65535
281,MAX_20241221_Exp97_RNA-FISH_Cytb_CF610_MRPL45_488_2cell_C5_Airyscan Processing-1.tif:ID46807979,0.071,178.119,135,221,42.797,40.990,83.750,132,65535
282,MAX_20241221_Exp97_RNA-FISH_Cytb_CF610_MRPL45_488_2cell_C5_Airyscan Processing-1.tif:ID46807976,0.078,206.135,137,248,42.883,40.512,92.500,132,65535
283,MAX_20241221_Exp97_RNA-FISH_Cytb_CF610_MRPL45_488_2cell_C5_Airyscan Processing-1.tif:ID46807977,0.060,161.912,133,192,45.930,40.728,71.250,132,65535
284,MAX_20241221_Exp97_RNA-FISH_Cytb_CF610_MRPL45_488_2cell_C5_Airyscan Processing-1.tif:ID46807982,0.051,157.292,132,186,40.713,41.404,60.000,132,65535
285,MAX_20241221_Exp97_RNA-FISH_Cytb_CF610_MRPL45_488_2cell_C5_Airyscan Processing-1.tif:ID46807983,0.082,247.346,143,354,41.643,41.417,97.500,132,65535
286,MAX_20241221_Exp97_RNA-FISH_Cytb_CF610_MRPL45_488_2cell_C5_Airyscan Processing-1.tif:ID46807980,0.031,144.862,132,161,39.598,40.997,36.250,132,65535
287,MAX_20241221_Exp97_RNA-FISH_Cytb_CF610_MRPL45_488_2cell_C5_Airyscan Processing-1.tif:ID46807981,0.061,162.172,133,192,43.161,41.251,72.500,132,65535
288,MAX_20241221_Exp97_RNA-FISH_Cytb_CF610_MRPL45_488_2cell_C5_Airyscan Processing-1.tif:ID46807970,0.008,136.125,133,141,37.758,39.933,10.000,132,65535
289,MAX_20241221_Exp97_RNA-FISH_Cytb_CF610_MRPL45_488_2cell_C5_Airyscan Processing-1.tif:ID46807971,0.075,214.099,133,280,43.606,39.946,88.750,132,65535
290,MAX_20241221_Exp97_RNA-FISH_Cytb_CF610_MRPL45_488_2cell_C5_Airyscan Processing-1.tif:ID46807968,0.084,381.975,177,498,43.166,39.693,100.000,132,65535
291,MAX_20241221_Exp97_RNA-FISH_Cytb_CF610_MRPL45_488_2cell_C5_Airyscan Processing-1.tif:ID46807969,0.043,155.707,133,183,46.604,39.744,51.250,132,65535
292,MAX_20241221_Exp97_RNA-FISH_Cytb_CF610_MRPL45_488_2cell_C5_Airyscan Processing-1.tif:ID46807974,0.071,184.090,133,244,46.055,40.211,83.750,132,65535
293,MAX_20241221_Exp97_RNA-FISH_Cytb_CF610_MRPL45_488_2cell_C5_Airyscan Processing-1.tif:ID46807975,0.084,291.925,146,387,43.393,40.213,100.000,132,65535
294,MAX_20241221_Exp97_RNA-FISH_Cytb_CF610_MRPL45_488_2cell_C5_Airyscan Processing-1.tif:ID46807972,0.022,140.667,132,151,35.073,40.039,26.250,132,65535
295,MAX_20241221_Exp97_RNA-FISH_Cytb_CF610_MRPL45_488_2cell_C5_Airyscan Processing-1.tif:ID46807973,0.026,146.080,132,163,35.380,40.141,31.250,132,65535
296,MAX_20241221_Exp97_RNA-FISH_Cytb_CF610_MRPL45_488_2cell_C5_Airyscan Processing-1.tif:ID46807994,0.084,527.875,346,689,42.971,42.128,100.000,132,65535
297,MAX_20241221_Exp97_RNA-FISH_Cytb_CF610_MRPL45_488_2cell_C5_Airyscan Processing-1.tif:ID46807995,0.084,399.200,185,557,39.693,42.193,100.000,132,65535
298,MAX_20241221_Exp97_RNA-FISH_Cytb_CF610_MRPL45_488_2cell_C5_Airyscan Processing-1.tif:ID46807992,0.070,192.530,134,246,39.983,41.918,82.500,132,65535
299,MAX_20241221_Exp97_RNA-FISH_Cytb_CF610_MRPL45_488_2cell_C5_Airyscan Processing-1.tif:ID46807993,0.082,250.064,139,349,37.813,41.936,97.500,132,65535
300,MAX_20241221_Exp97_RNA-FISH_Cytb_CF610_MRPL45_488_2cell_C5_Airyscan Processing-1.tif:ID46807998,0.031,148.345,132,169,44.543,42.448,36.250,132,65535
301,MAX_20241221_Exp97_RNA-FISH_Cytb_CF610_MRPL45_488_2cell_C5_Airyscan Processing-1.tif:ID46807999,0.084,212.550,158,262,43.653,42.647,100.000,132,65535
302,MAX_20241221_Exp97_RNA-FISH_Cytb_CF610_MRPL45_488_2cell_C5_Airyscan Processing-1.tif:ID46807996,0.084,348.387,185,477,42.257,42.257,100.000,132,65535
303,MAX_20241221_Exp97_RNA-FISH_Cytb_CF610_MRPL45_488_2cell_C5_Airyscan Processing-1.tif:ID46807997,0.084,258.500,138,353,39.953,42.322,100.000,132,65535
304,MAX_20241221_Exp97_RNA-FISH_Cytb_CF610_MRPL45_488_2cell_C5_Airyscan Processing-1.tif:ID46807986,0.055,164.731,132,204,35.899,41.555,65.000,132,65535
305,MAX_20241221_Exp97_RNA-FISH_Cytb_CF610_MRPL45_488_2cell_C5_Airyscan Processing-1.tif:ID46807987,0.012,135.727,132,139,36.691,41.592,13.750,132,65535
306,MAX_20241221_Exp97_RNA-FISH_Cytb_CF610_MRPL45_488_2cell_C5_Airyscan Processing-1.tif:ID46807984,0.084,253.675,180,302,46.931,41.414,100.000,132,65535
307,MAX_20241221_Exp97_RNA-FISH_Cytb_CF610_MRPL45_488_2cell_C5_Airyscan Processing-1.tif:ID46807985,0.084,230.113,160,285,44.140,41.478,100.000,132,65535
308,MAX_20241221_Exp97_RNA-FISH_Cytb_CF610_MRPL45_488_2cell_C5_Airyscan Processing-1.tif:ID46807990,0.084,328.500,166,420,42.095,41.771,100.000,132,65535
309,MAX_20241221_Exp97_RNA-FISH_Cytb_CF610_MRPL45_488_2cell_C5_Airyscan Processing-1.tif:ID46807991,0.084,237.662,160,310,47.093,41.738,100.000,132,65535
310,MAX_20241221_Exp97_RNA-FISH_Cytb_CF610_MRPL45_488_2cell_C5_Airyscan Processing-1.tif:ID46807988,0.084,254.050,181,305,42.485,41.576,100.000,132,65535
311,MAX_20241221_Exp97_RNA-FISH_Cytb_CF610_MRPL45_488_2cell_C5_Airyscan Processing-1.tif:ID46807989,0.014,138.000,133,144,45.434,41.640,16.250,132,65535
312,MAX_20241221_Exp97_RNA-FISH_Cytb_CF610_MRPL45_488_2cell_C5_Airyscan Processing-1.tif:ID46807882,0.066,163.714,134,200,47.431,27.893,78.750,132,65535
313,MAX_20241221_Exp97_RNA-FISH_Cytb_CF610_MRPL45_488_2cell_C5_Airyscan Processing-1.tif:ID46807883,0.062,175.898,133,221,34.873,28.008,73.750,132,65535
314,MAX_20241221_Exp97_RNA-FISH_Cytb_CF610_MRPL45_488_2cell_C5_Airyscan Processing-1.tif:ID46807880,0.068,186.185,134,225,31.881,27.820,81.250,132,65535
315,MAX_20241221_Exp97_RNA-FISH_Cytb_CF610_MRPL45_488_2cell_C5_Airyscan Processing-1.tif:ID46807881,0.023,144.136,132,158,45.162,27.815,27.500,132,65535
316,MAX_20241221_Exp97_RNA-FISH_Cytb_CF610_MRPL45_488_2cell_C5_Airyscan Processing-1.tif:ID46807886,0.084,380.650,248,500,35.215,28.237,100.000,132,65535
317,MAX_20241221_Exp97_RNA-FISH_Cytb_CF610_MRPL45_488_2cell_C5_Airyscan Processing-1.tif:ID46807887,0.064,173.721,133,226,39.100,28.251,76.250,132,65535
318,MAX_20241221_Exp97_RNA-FISH_Cytb_CF610_MRPL45_488_2cell_C5_Airyscan Processing-1.tif:ID46807884,0.062,174.559,132,216,38.075,28.034,73.750,132,65535
319,MAX_20241221_Exp97_RNA-FISH_Cytb_CF610_MRPL45_488_2cell_C5_Airyscan Processing-1.tif:ID46807885,0.029,142.893,132,156,40.456,28.204,35.000,132,65535
320,MAX_20241221_Exp97_RNA-FISH_Cytb_CF610_MRPL45_488_2cell_C5_Airyscan Processing-1.tif:ID46807874,0.050,154.766,132,186,34.598,26.211,58.750,132,65535
321,MAX_20241221_Exp97_RNA-FISH_Cytb_CF610_MRPL45_488_2cell_C5_Airyscan Processing-1.tif:ID46807875,0.084,311.462,201,390,44.951,26.679,100.000,132,65535
322,MAX_20241221_Exp97_RNA-FISH_Cytb_CF610_MRPL45_488_2cell_C5_Airyscan Processing-1.tif:ID46807872,0.056,162.906,133,194,42.966,25.103,66.250,132,65535
323,MAX_20241221_Exp97_RNA-FISH_Cytb_CF610_MRPL45_488_2cell_C5_Airyscan Processing-1.tif:ID46807873,0.067,171.578,133,220,34.586,25.479,80.000,132,65535
324,MAX_20241221_Exp97_RNA-FISH_Cytb_CF610_MRPL45_488_2cell_C5_Airyscan Processing-1.tif:ID46807878,0.058,158.400,135,188,46.642,27.552,68.750,132,65535
325,MAX_20241221_Exp97_RNA-FISH_Cytb_CF610_MRPL45_488_2cell_C5_Airyscan Processing-1.tif:ID46807879,0.062,166.627,133,211,38.562,27.660,73.750,132,65535
326,MAX_20241221_Exp97_RNA-FISH_Cytb_CF610_MRPL45_488_2cell_C5_Airyscan Processing-1.tif:ID46807876,0.081,251.195,134,361,44.502,26.778,96.250,132,65535
327,MAX_20241221_Exp97_RNA-FISH_Cytb_CF610_MRPL45_488_2cell_C5_Airyscan Processing-1.tif:ID46807877,0.068,154.231,132,183,43.493,27.328,81.250,132,65535
328,MAX_20241221_Exp97_RNA-FISH_Cytb_CF610_MRPL45_488_2cell_C5_Airyscan Processing-1.tif:ID46807898,0.084,270.663,144,349,46.834,29.243,100.000,132,65535
329,MAX_20241221_Exp97_RNA-FISH_Cytb_CF610_MRPL45_488_2cell_C5_Airyscan Processing-1.tif:ID46807899,0.058,168.600,135,212,47.264,29.435,68.750,132,65535
330,MAX_20241221_Exp97_RNA-FISH_Cytb_CF610_MRPL45_488_2cell_C5_Airyscan Processing-1.tif:ID46807896,0.074,195.643,136,257,45.925,29.113,87.500,132,65535
331,MAX_20241221_Exp97_RNA-FISH_Cytb_CF610_MRPL45_488_2cell_C5_Airyscan Processing-1.tif:ID46807897,0.050,159.255,132,197,37.322,29.191,58.750,132,65535
332,MAX_20241221_Exp97_RNA-FISH_Cytb_CF610_MRPL45_488_2cell_C5_Airyscan Processing-1.tif:ID46807902,0.047,156.067,132,186,46.842,29.834,56.250,132,65535
333,MAX_20241221_Exp97_RNA-FISH_Cytb_CF610_MRPL45_488_2cell_C5_Airyscan Processing-1.tif:ID46807903,0.084,227.262,143,300,35.669,29.892,100.000,132,65535
334,MAX_20241221_Exp97_RNA-FISH_Cytb_CF610_MRPL45_488_2cell_C5_Airyscan Processing-1.tif:ID46807900,0.079,174.253,133,207,33.686,29.656,93.750,132,65535
335,MAX_20241221_Exp97_RNA-FISH_Cytb_CF610_MRPL45_488_2cell_C5_Airyscan Processing-1.tif:ID46807901,0.073,171.739,135,199,33.503,29.667,86.250,132,65535
336,MAX_20241221_Exp97_RNA-FISH_Cytb_CF610_MRPL45_488_2cell_C5_Airyscan Processing-1.tif:ID46807890,0.078,192.851,135,261,32.354,28.529,92.500,132,65535
337,MAX_20241221_Exp97_RNA-FISH_Cytb_CF610_MRPL45_488_2cell_C5_Airyscan Processing-1.tif:ID46807891,0.080,205.289,133,282,34.861,28.592,95.000,132,65535
338,MAX_20241221_Exp97_RNA-FISH_Cytb_CF610_MRPL45_488_2cell_C5_Airyscan Processing-1.tif:ID46807888,0.062,181.525,135,240,32.838,28.476,73.750,132,65535
339,MAX_20241221_Exp97_RNA-FISH_Cytb_CF610_MRPL45_488_2cell_C5_Airyscan Processing-1.tif:ID46807889,0.073,181.319,137,227,32.011,28.532,86.250,132,65535
340,MAX_20241221_Exp97_RNA-FISH_Cytb_CF610_MRPL45_488_2cell_C5_Airyscan Processing-1.tif:ID46807894,0.065,162.581,132,195,42.312,29.136,77.500,132,65535
341,MAX_20241221_Exp97_RNA-FISH_Cytb_CF610_MRPL45_488_2cell_C5_Airyscan Processing-1.tif:ID46807895,0.079,167.600,133,196,42.611,29.104,93.750,132,65535
342,MAX_20241221_Exp97_RNA-FISH_Cytb_CF610_MRPL45_488_2cell_C5_Airyscan Processing-1.tif:ID46807892,0.042,154.900,133,180,37.641,28.685,50.000,132,65535
343,MAX_20241221_Exp97_RNA-FISH_Cytb_CF610_MRPL45_488_2cell_C5_Airyscan Processing-1.tif:ID46807893,0.062,166.305,134,210,46.792,28.714,73.750,132,65535
344,MAX_20241221_Exp97_RNA-FISH_Cytb_CF610_MRPL45_488_2cell_C5_Airyscan Processing-1.tif:ID46807914,0.050,146.213,132,165,43.060,31.911,58.750,132,65535
345,MAX_20241221_Exp97_RNA-FISH_Cytb_CF610_MRPL45_488_2cell_C5_Airyscan Processing-1.tif:ID46807915,0.047,148.200,132,171,41.814,31.980,56.250,132,65535
346,MAX_20241221_Exp97_RNA-FISH_Cytb_CF610_MRPL45_488_2cell_C5_Airyscan Processing-1.tif:ID46807912,0.022,135.762,132,141,32.529,31.800,26.250,132,65535
347,MAX_20241221_Exp97_RNA-FISH_Cytb_CF610_MRPL45_488_2cell_C5_Airyscan Processing-1.tif:ID46807913,0.084,232.562,138,302,41.154,31.839,100.000,132,65535
348,MAX_20241221_Exp97_RNA-FISH_Cytb_CF610_MRPL45_488_2cell_C5_Airyscan Processing-1.tif:ID46807918,0.060,169.456,133,212,33.479,32.288,71.250,132,65535
349,MAX_20241221_Exp97_RNA-FISH_Cytb_CF610_MRPL45_488_2cell_C5_Airyscan Processing-1.tif:ID46807919,0.043,158.634,132,194,42.388,32.445,51.250,132,65535
350,MAX_20241221_Exp97_RNA-FISH_Cytb_CF610_MRPL45_488_2cell_C5_Airyscan Processing-1.tif:ID46807916,0.059,164.286,132,202,45.109,31.976,70.000,132,65535
351,MAX_20241221_Exp97_RNA-FISH_Cytb_CF610_MRPL45_488_2cell_C5_Airyscan Processing-1.tif:ID46807917,0.084,223.150,135,281,45.763,32.034,100.000,132,65535
352,MAX_20241221_Exp97_RNA-FISH_Cytb_CF610_MRPL45_488_2cell_C5_Airyscan Processing-1.tif:ID46807906,0.084,230.975,140,311,44.594,30.087,100.000,132,65535
353,MAX_20241221_Exp97_RNA-FISH_Cytb_CF610_MRPL45_488_2cell_C5_Airyscan Processing-1.tif:ID46807907,0.084,402.350,252,474,39.531,30.314,100.000,132,65535
354,MAX_20241221_Exp97_RNA-FISH_Cytb_CF610_MRPL45_488_2cell_C5_Airyscan Processing-1.tif:ID46807904,0.016,138.933,132,147,45.850,29.902,18.750,132,65535
355,MAX_20241221_Exp97_RNA-FISH_Cytb_CF610_MRPL45_488_2cell_C5_Airyscan Processing-1.tif:ID46807905,0.078,198.500,135,268,38.173,29.962,92.500,132,65535
356,MAX_20241221_Exp97_RNA-FISH_Cytb_CF610_MRPL45_488_2cell_C5_Airyscan Processing-1.tif:ID46807910,0.008,135.375,133,140,47.008,31.137,10.000,132,65535
357,MAX_20241221_Exp97_RNA-FISH_Cytb_CF610_MRPL45_488_2cell_C5_Airyscan Processing-1.tif:ID46807911,0.084,263.863,157,356,41.414,31.742,100.000,132,65535
358,MAX_20241221_Exp97_RNA-FISH_Cytb_CF610_MRPL45_488_2cell_C5_Airyscan Processing-1.tif:ID46807908,0.073,180.826,134,230,35.124,30.494,86.250,132,65535
359,MAX_20241221_Exp97_RNA-FISH_Cytb_CF610_MRPL45_488_2cell_C5_Airyscan Processing-1.tif:ID46807909,0.068,165.708,133,201,35.042,30.891,81.250,132,65535
360,MAX_20241221_Exp97_RNA-FISH_Cytb_CF610_MRPL45_488_2cell_C5_Airyscan Processing-1.tif:ID46807930,0.067,162.109,132,195,37.388,34.015,80.000,132,65535
361,MAX_20241221_Exp97_RNA-FISH_Cytb_CF610_MRPL45_488_2cell_C5_Airyscan Processing-1.tif:ID46807931,0.083,204.962,134,260,39.367,34.045,98.750,132,65535
362,MAX_20241221_Exp97_RNA-FISH_Cytb_CF610_MRPL45_488_2cell_C5_Airyscan Processing-1.tif:ID46807928,0.074,179.029,133,229,40.684,33.290,87.500,132,65535
363,MAX_20241221_Exp97_RNA-FISH_Cytb_CF610_MRPL45_488_2cell_C5_Airyscan Processing-1.tif:ID46807929,0.052,156.612,132,184,40.556,33.790,61.250,132,65535
364,MAX_20241221_Exp97_RNA-FISH_Cytb_CF610_MRPL45_488_2cell_C5_Airyscan Processing-1.tif:ID46807934,0.084,289.675,143,417,42.614,34.241,100.000,132,65535
365,MAX_20241221_Exp97_RNA-FISH_Cytb_CF610_MRPL45_488_2cell_C5_Airyscan Processing-1.tif:ID46807935,0.055,163.346,133,202,40.562,34.467,65.000,132,65535
366,MAX_20241221_Exp97_RNA-FISH_Cytb_CF610_MRPL45_488_2cell_C5_Airyscan Processing-1.tif:ID46807932,0.021,140.800,132,151,43.673,34.122,25.000,132,65535
367,MAX_20241221_Exp97_RNA-FISH_Cytb_CF610_MRPL45_488_2cell_C5_Airyscan Processing-1.tif:ID46807933,0.005,132.400,132,134,36.925,34.179,6.250,132,65535
368,MAX_20241221_Exp97_RNA-FISH_Cytb_CF610_MRPL45_488_2cell_C5_Airyscan Processing-1.tif:ID46807922,0.073,183.493,134,225,40.784,32.779,86.250,132,65535
369,MAX_20241221_Exp97_RNA-FISH_Cytb_CF610_MRPL45_488_2cell_C5_Airyscan Processing-1.tif:ID46807923,0.008,138.750,135,143,42.886,32.890,10.000,132,65535
370,MAX_20241221_Exp97_RNA-FISH_Cytb_CF610_MRPL45_488_2cell_C5_Airyscan Processing-1.tif:ID46807920,0.073,166.362,135,203,33.172,32.488,86.250,132,65535
371,MAX_20241221_Exp97_RNA-FISH_Cytb_CF610_MRPL45_488_2cell_C5_Airyscan Processing-1.tif:ID46807921,0.052,154.653,132,183,40.498,32.557,61.250,132,65535
372,MAX_20241221_Exp97_RNA-FISH_Cytb_CF610_MRPL45_488_2cell_C5_Airyscan Processing-1.tif:ID46807926,0.062,177.271,132,236,33.078,32.983,73.750,132,65535
373,MAX_20241221_Exp97_RNA-FISH_Cytb_CF610_MRPL45_488_2cell_C5_Airyscan Processing-1.tif:ID46807927,0.083,205.165,137,256,40.376,33.041,98.750,132,65535
374,MAX_20241221_Exp97_RNA-FISH_Cytb_CF610_MRPL45_488_2cell_C5_Airyscan Processing-1.tif:ID46807924,0.045,162.023,132,197,44.909,32.895,53.750,132,65535
375,MAX_20241221_Exp97_RNA-FISH_Cytb_CF610_MRPL45_488_2cell_C5_Airyscan Processing-1.tif:ID46807925,0.004,133.000,132,135,36.748,32.926,5.000,132,65535
376,MAX_20241221_Exp97_RNA-FISH_Cytb_CF610_MRPL45_488_2cell_C5_Airyscan Processing-1.tif:ID46807818,0.055,144.269,133,162,24.485,30.156,65.000,132,65535
377,MAX_20241221_Exp97_RNA-FISH_Cytb_CF610_MRPL45_488_2cell_C5_Airyscan Processing-1.tif:ID46807819,0.052,162.163,132,197,29.360,30.154,61.250,132,65535
378,MAX_20241221_Exp97_RNA-FISH_Cytb_CF610_MRPL45_488_2cell_C5_Airyscan Processing-1.tif:ID46807816,0.075,159.648,132,188,29.410,29.809,88.750,132,65535
379,MAX_20241221_Exp97_RNA-FISH_Cytb_CF610_MRPL45_488_2cell_C5_Airyscan Processing-1.tif:ID46807817,0.045,157.767,132,189,24.775,29.862,53.750,132,65535
380,MAX_20241221_Exp97_RNA-FISH_Cytb_CF610_MRPL45_488_2cell_C5_Airyscan Processing-1.tif:ID46807822,0.016,133.800,132,136,27.446,30.217,18.750,132,65535
381,MAX_20241221_Exp97_RNA-FISH_Cytb_CF610_MRPL45_488_2cell_C5_Airyscan Processing-1.tif:ID46807823,0.084,245.625,147,314,28.658,30.444,100.000,132,65535
382,MAX_20241221_Exp97_RNA-FISH_Cytb_CF610_MRPL45_488_2cell_C5_Airyscan Processing-1.tif:ID46807820,0.084,334.863,137,447,28.204,30.184,100.000,132,65535
383,MAX_20241221_Exp97_RNA-FISH_Cytb_CF610_MRPL45_488_2cell_C5_Airyscan Processing-1.tif:ID46807821,0.056,152.302,133,178,20.824,30.214,66.250,132,65535
384,MAX_20241221_Exp97_RNA-FISH_Cytb_CF610_MRPL45_488_2cell_C5_Airyscan Processing-1.tif:ID46807810,0.071,183.672,133,223,24.247,28.469,83.750,132,65535
385,MAX_20241221_Exp97_RNA-FISH_Cytb_CF610_MRPL45_488_2cell_C5_Airyscan Processing-1.tif:ID46807811,0.032,146.733,133,163,30.834,28.615,37.500,132,65535
386,MAX_20241221_Exp97_RNA-FISH_Cytb_CF610_MRPL45_488_2cell_C5_Airyscan Processing-1.tif:ID46807808,0.081,220.584,135,299,30.604,28.236,96.250,132,65535
387,MAX_20241221_Exp97_RNA-FISH_Cytb_CF610_MRPL45_488_2cell_C5_Airyscan Processing-1.tif:ID46807809,0.084,216.363,136,277,30.119,28.301,100.000,132,65535
388,MAX_20241221_Exp97_RNA-FISH_Cytb_CF610_MRPL45_488_2cell_C5_Airyscan Processing-1.tif:ID46807814,0.044,150.238,133,165,19.979,29.264,52.500,132,65535
389,MAX_20241221_Exp97_RNA-FISH_Cytb_CF610_MRPL45_488_2cell_C5_Airyscan Processing-1.tif:ID46807815,0.026,138.360,132,145,18.407,29.722,31.250,132,65535
390,MAX_20241221_Exp97_RNA-FISH_Cytb_CF610_MRPL45_488_2cell_C5_Airyscan Processing-1.tif:ID46807812,0.055,159.423,132,197,30.301,28.688,65.000,132,65535
391,MAX_20241221_Exp97_RNA-FISH_Cytb_CF610_MRPL45_488_2cell_C5_Airyscan Processing-1.tif:ID46807813,0.068,183.077,132,237,23.307,28.868,81.250,132,65535
392,MAX_20241221_Exp97_RNA-FISH_Cytb_CF610_MRPL45_488_2cell_C5_Airyscan Processing-1.tif:ID46807834,0.084,216.812,144,268,21.810,31.936,100.000,132,65535
393,MAX_20241221_Exp97_RNA-FISH_Cytb_CF610_MRPL45_488_2cell_C5_Airyscan Processing-1.tif:ID46807835,0.040,149.816,132,169,31.070,32.277,47.500,132,65535
394,MAX_20241221_Exp97_RNA-FISH_Cytb_CF610_MRPL45_488_2cell_C5_Airyscan Processing-1.tif:ID46807832,0.052,162.816,132,193,23.520,31.836,61.250,132,65535
395,MAX_20241221_Exp97_RNA-FISH_Cytb_CF610_MRPL45_488_2cell_C5_Airyscan Processing-1.tif:ID46807833,0.040,142.947,132,156,17.506,31.920,47.500,132,65535
396,MAX_20241221_Exp97_RNA-FISH_Cytb_CF610_MRPL45_488_2cell_C5_Airyscan Processing-1.tif:ID46807838,0.038,151.417,133,175,18.943,32.742,45.000,132,65535
397,MAX_20241221_Exp97_RNA-FISH_Cytb_CF610_MRPL45_488_2cell_C5_Airyscan Processing-1.tif:ID46807839,0.079,196.027,133,269,17.596,33.077,93.750,132,65535
398,MAX_20241221_Exp97_RNA-FISH_Cytb_CF610_MRPL45_488_2cell_C5_Airyscan Processing-1.tif:ID46807836,0.062,172.661,133,218,24.881,32.343,73.750,132,65535
399,MAX_20241221_Exp97_RNA-FISH_Cytb_CF610_MRPL45_488_2cell_C5_Airyscan Processing-1.tif:ID46807837,0.068,181.769,133,239,23.338,32.720,81.250,132,65535
400,MAX_20241221_Exp97_RNA-FISH_Cytb_CF610_MRPL45_488_2cell_C5_Airyscan Processing-1.tif:ID46807826,0.083,212.291,132,271,18.112,30.737,98.750,132,65535
401,MAX_20241221_Exp97_RNA-FISH_Cytb_CF610_MRPL45_488_2cell_C5_Airyscan Processing-1.tif:ID46807827,0.077,184.411,137,231,31.300,30.867,91.250,132,65535
402,MAX_20241221_Exp97_RNA-FISH_Cytb_CF610_MRPL45_488_2cell_C5_Airyscan Processing-1.tif:ID46807824,0.084,218.438,149,281,28.886,30.606,100.000,132,65535
403,MAX_20241221_Exp97_RNA-FISH_Cytb_CF610_MRPL45_488_2cell_C5_Airyscan Processing-1.tif:ID46807825,0.068,166.800,132,205,29.098,30.715,81.250,132,65535
404,MAX_20241221_Exp97_RNA-FISH_Cytb_CF610_MRPL45_488_2cell_C5_Airyscan Processing-1.tif:ID46807830,0.055,147.846,132,168,23.944,31.531,65.000,132,65535
405,MAX_20241221_Exp97_RNA-FISH_Cytb_CF610_MRPL45_488_2cell_C5_Airyscan Processing-1.tif:ID46807831,0.040,145.579,132,161,24.441,31.606,47.500,132,65535
406,MAX_20241221_Exp97_RNA-FISH_Cytb_CF610_MRPL45_488_2cell_C5_Airyscan Processing-1.tif:ID46807828,0.038,144.833,132,161,26.662,31.368,45.000,132,65535
407,MAX_20241221_Exp97_RNA-FISH_Cytb_CF610_MRPL45_488_2cell_C5_Airyscan Processing-1.tif:ID46807829,0.040,150.105,132,178,20.394,31.543,47.500,132,65535
408,MAX_20241221_Exp97_RNA-FISH_Cytb_CF610_MRPL45_488_2cell_C5_Airyscan Processing-1.tif:ID46807850,0.000,NaN,255,127,NaN,NaN,0.000,132,65535
409,MAX_20241221_Exp97_RNA-FISH_Cytb_CF610_MRPL45_488_2cell_C5_Airyscan Processing-1.tif:ID46807851,0.071,191.731,134,264,35.352,20.783,83.750,132,65535
410,MAX_20241221_Exp97_RNA-FISH_Cytb_CF610_MRPL45_488_2cell_C5_Airyscan Processing-1.tif:ID46807848,0.084,215.575,151,271,34.046,17.364,100.000,132,65535
411,MAX_20241221_Exp97_RNA-FISH_Cytb_CF610_MRPL45_488_2cell_C5_Airyscan Processing-1.tif:ID46807849,0.055,160.750,133,189,32.015,18.624,65.000,132,65535
412,MAX_20241221_Exp97_RNA-FISH_Cytb_CF610_MRPL45_488_2cell_C5_Airyscan Processing-1.tif:ID46807854,0.084,212.088,159,264,43.296,21.616,100.000,132,65535
413,MAX_20241221_Exp97_RNA-FISH_Cytb_CF610_MRPL45_488_2cell_C5_Airyscan Processing-1.tif:ID46807855,0.068,164.508,132,211,42.492,21.856,81.250,132,65535
414,MAX_20241221_Exp97_RNA-FISH_Cytb_CF610_MRPL45_488_2cell_C5_Airyscan Processing-1.tif:ID46807852,0.084,217.562,132,283,43.880,21.421,100.000,132,65535
415,MAX_20241221_Exp97_RNA-FISH_Cytb_CF610_MRPL45_488_2cell_C5_Airyscan Processing-1.tif:ID46807853,0.083,231.443,133,292,43.525,21.520,98.750,132,65535
416,MAX_20241221_Exp97_RNA-FISH_Cytb_CF610_MRPL45_488_2cell_C5_Airyscan Processing-1.tif:ID46807842,0.035,147.242,132,169,16.260,34.416,41.250,132,65535
417,MAX_20241221_Exp97_RNA-FISH_Cytb_CF610_MRPL45_488_2cell_C5_Airyscan Processing-1.tif:ID46807843,0.084,209.650,144,249,23.725,34.565,100.000,132,65535
418,MAX_20241221_Exp97_RNA-FISH_Cytb_CF610_MRPL45_488_2cell_C5_Airyscan Processing-1.tif:ID46807840,0.083,298.987,154,410,28.368,33.593,98.750,132,65535
419,MAX_20241221_Exp97_RNA-FISH_Cytb_CF610_MRPL45_488_2cell_C5_Airyscan Processing-1.tif:ID46807841,0.009,137.444,133,143,31.430,33.943,11.250,132,65535
420,MAX_20241221_Exp97_RNA-FISH_Cytb_CF610_MRPL45_488_2cell_C5_Airyscan Processing-1.tif:ID46807846,0.070,195.682,134,245,24.412,35.414,82.500,132,65535
421,MAX_20241221_Exp97_RNA-FISH_Cytb_CF610_MRPL45_488_2cell_C5_Airyscan Processing-1.tif:ID46807847,0.084,277.312,150,391,23.693,36.058,100.000,132,65535
422,MAX_20241221_Exp97_RNA-FISH_Cytb_CF610_MRPL45_488_2cell_C5_Airyscan Processing-1.tif:ID46807844,0.083,310.139,140,423,25.057,35.021,98.750,132,65535
423,MAX_20241221_Exp97_RNA-FISH_Cytb_CF610_MRPL45_488_2cell_C5_Airyscan Processing-1.tif:ID46807845,0.084,332.663,199,439,26.322,35.247,100.000,132,65535
424,MAX_20241221_Exp97_RNA-FISH_Cytb_CF610_MRPL45_488_2cell_C5_Airyscan Processing-1.tif:ID46807866,0.025,141.750,132,161,46.316,23.856,30.000,132,65535
425,MAX_20241221_Exp97_RNA-FISH_Cytb_CF610_MRPL45_488_2cell_C5_Airyscan Processing-1.tif:ID46807867,0.059,174.161,135,214,45.964,24.076,70.000,132,65535
426,MAX_20241221_Exp97_RNA-FISH_Cytb_CF610_MRPL45_488_2cell_C5_Airyscan Processing-1.tif:ID46807864,0.014,135.923,132,142,47.317,23.267,16.250,132,65535
427,MAX_20241221_Exp97_RNA-FISH_Cytb_CF610_MRPL45_488_2cell_C5_Airyscan Processing-1.tif:ID46807865,0.000,NaN,255,129,NaN,NaN,0.000,132,65535
428,MAX_20241221_Exp97_RNA-FISH_Cytb_CF610_MRPL45_488_2cell_C5_Airyscan Processing-1.tif:ID46807870,0.084,228.188,149,287,42.777,24.829,100.000,132,65535
429,MAX_20241221_Exp97_RNA-FISH_Cytb_CF610_MRPL45_488_2cell_C5_Airyscan Processing-1.tif:ID46807871,0.084,326.312,134,428,40.245,25.121,100.000,132,65535
430,MAX_20241221_Exp97_RNA-FISH_Cytb_CF610_MRPL45_488_2cell_C5_Airyscan Processing-1.tif:ID46807868,0.077,188.014,132,236,34.238,24.343,91.250,132,65535
431,MAX_20241221_Exp97_RNA-FISH_Cytb_CF610_MRPL45_488_2cell_C5_Airyscan Processing-1.tif:ID46807869,0.004,134.000,134,134,36.350,24.796,5.000,132,65535
432,MAX_20241221_Exp97_RNA-FISH_Cytb_CF610_MRPL45_488_2cell_C5_Airyscan Processing-1.tif:ID46807858,0.084,339.712,193,451,42.128,22.135,100.000,132,65535
433,MAX_20241221_Exp97_RNA-FISH_Cytb_CF610_MRPL45_488_2cell_C5_Airyscan Processing-1.tif:ID46807859,0.064,190.246,135,244,41.758,22.452,76.250,132,65535
434,MAX_20241221_Exp97_RNA-FISH_Cytb_CF610_MRPL45_488_2cell_C5_Airyscan Processing-1.tif:ID46807856,0.023,145.091,132,159,32.584,21.903,27.500,132,65535
435,MAX_20241221_Exp97_RNA-FISH_Cytb_CF610_MRPL45_488_2cell_C5_Airyscan Processing-1.tif:ID46807857,0.070,181.909,132,215,43.549,21.918,82.500,132,65535
436,MAX_20241221_Exp97_RNA-FISH_Cytb_CF610_MRPL45_488_2cell_C5_Airyscan Processing-1.tif:ID46807862,0.082,203.692,133,260,47.549,22.658,97.500,132,65535
437,MAX_20241221_Exp97_RNA-FISH_Cytb_CF610_MRPL45_488_2cell_C5_Airyscan Processing-1.tif:ID46807863,0.009,136.444,132,141,43.280,23.081,11.250,132,65535
438,MAX_20241221_Exp97_RNA-FISH_Cytb_CF610_MRPL45_488_2cell_C5_Airyscan Processing-1.tif:ID46807860,0.073,188.739,132,245,47.264,22.605,86.250,132,65535
439,MAX_20241221_Exp97_RNA-FISH_Cytb_CF610_MRPL45_488_2cell_C5_Airyscan Processing-1.tif:ID46807861,0.071,189.597,133,255,41.109,22.678,83.750,132,65535
440,MAX_20241221_Exp97_RNA-FISH_Cytb_CF610_MRPL45_488_2cell_C5_Airyscan Processing-1.tif:ID46808200,0.058,177.291,132,218,49.033,52.058,68.750,132,65535
441,MAX_20241221_Exp97_RNA-FISH_Cytb_CF610_MRPL45_488_2cell_C5_Airyscan Processing-1.tif:ID46808194,0.058,176.309,133,233,50.632,49.574,68.750,132,65535
442,MAX_20241221_Exp97_RNA-FISH_Cytb_CF610_MRPL45_488_2cell_C5_Airyscan Processing-1.tif:ID46808195,0.082,256.064,144,342,53.036,49.595,97.500,132,65535
443,MAX_20241221_Exp97_RNA-FISH_Cytb_CF610_MRPL45_488_2cell_C5_Airyscan Processing-1.tif:ID46808192,0.082,271.013,135,361,52.548,49.498,97.500,132,65535
444,MAX_20241221_Exp97_RNA-FISH_Cytb_CF610_MRPL45_488_2cell_C5_Airyscan Processing-1.tif:ID46808193,0.074,200.657,132,254,52.202,49.541,87.500,132,65535
445,MAX_20241221_Exp97_RNA-FISH_Cytb_CF610_MRPL45_488_2cell_C5_Airyscan Processing-1.tif:ID46808198,0.024,144.435,132,155,50.043,50.534,28.750,132,65535
446,MAX_20241221_Exp97_RNA-FISH_Cytb_CF610_MRPL45_488_2cell_C5_Airyscan Processing-1.tif:ID46808199,0.000,NaN,255,121,NaN,NaN,0.000,132,65535
447,MAX_20241221_Exp97_RNA-FISH_Cytb_CF610_MRPL45_488_2cell_C5_Airyscan Processing-1.tif:ID46808196,0.028,145.815,133,159,51.396,49.641,33.750,132,65535
448,MAX_20241221_Exp97_RNA-FISH_Cytb_CF610_MRPL45_488_2cell_C5_Airyscan Processing-1.tif:ID46808197,0.076,181.444,134,238,51.991,50.266,90.000,132,65535
449,MAX_20241221_Exp97_RNA-FISH_Cytb_CF610_MRPL45_488_2cell_C5_Airyscan Processing-1.tif:ID46808138,0.059,162.429,133,202,56.541,39.415,70.000,132,65535
450,MAX_20241221_Exp97_RNA-FISH_Cytb_CF610_MRPL45_488_2cell_C5_Airyscan Processing-1.tif:ID46808139,0.083,219.595,137,279,49.789,39.499,98.750,132,65535
451,MAX_20241221_Exp97_RNA-FISH_Cytb_CF610_MRPL45_488_2cell_C5_Airyscan Processing-1.tif:ID46808136,0.070,167.015,133,203,53.006,39.161,82.500,132,65535
452,MAX_20241221_Exp97_RNA-FISH_Cytb_CF610_MRPL45_488_2cell_C5_Airyscan Processing-1.tif:ID46808137,0.084,315.462,230,379,50.047,39.304,100.000,132,65535
453,MAX_20241221_Exp97_RNA-FISH_Cytb_CF610_MRPL45_488_2cell_C5_Airyscan Processing-1.tif:ID46808142,0.084,296.450,198,379,50.274,39.791,100.000,132,65535
454,MAX_20241221_Exp97_RNA-FISH_Cytb_CF610_MRPL45_488_2cell_C5_Airyscan Processing-1.tif:ID46808143,0.022,141.095,132,151,54.959,39.867,26.250,132,65535
455,MAX_20241221_Exp97_RNA-FISH_Cytb_CF610_MRPL45_488_2cell_C5_Airyscan Processing-1.tif:ID46808140,0.084,217.088,143,265,58.810,39.466,100.000,132,65535
456,MAX_20241221_Exp97_RNA-FISH_Cytb_CF610_MRPL45_488_2cell_C5_Airyscan Processing-1.tif:ID46808141,0.075,191.338,132,247,57.546,39.597,88.750,132,65535
457,MAX_20241221_Exp97_RNA-FISH_Cytb_CF610_MRPL45_488_2cell_C5_Airyscan Processing-1.tif:ID46808130,0.067,164.547,132,202,54.953,38.659,80.000,132,65535
458,MAX_20241221_Exp97_RNA-FISH_Cytb_CF610_MRPL45_488_2cell_C5_Airyscan Processing-1.tif:ID46808131,0.065,170.774,132,216,59.102,38.668,77.500,132,65535
459,MAX_20241221_Exp97_RNA-FISH_Cytb_CF610_MRPL45_488_2cell_C5_Airyscan Processing-1.tif:ID46808128,0.045,151.070,132,174,58.028,38.397,53.750,132,65535
460,MAX_20241221_Exp97_RNA-FISH_Cytb_CF610_MRPL45_488_2cell_C5_Airyscan Processing-1.tif:ID46808129,0.070,157.636,132,183,56.066,38.604,82.500,132,65535
461,MAX_20241221_Exp97_RNA-FISH_Cytb_CF610_MRPL45_488_2cell_C5_Airyscan Processing-1.tif:ID46808134,0.029,150.750,132,174,57.775,39.077,35.000,132,65535
462,MAX_20241221_Exp97_RNA-FISH_Cytb_CF610_MRPL45_488_2cell_C5_Airyscan Processing-1.tif:ID46808135,0.008,134.625,132,137,52.144,39.150,10.000,132,65535
463,MAX_20241221_Exp97_RNA-FISH_Cytb_CF610_MRPL45_488_2cell_C5_Airyscan Processing-1.tif:ID46808132,0.082,210.756,132,300,53.584,38.785,97.500,132,65535
464,MAX_20241221_Exp97_RNA-FISH_Cytb_CF610_MRPL45_488_2cell_C5_Airyscan Processing-1.tif:ID46808133,0.084,267.225,146,360,50.469,39.012,100.000,132,65535
465,MAX_20241221_Exp97_RNA-FISH_Cytb_CF610_MRPL45_488_2cell_C5_Airyscan Processing-1.tif:ID46808154,0.071,171.134,132,218,50.372,41.058,83.750,132,65535
466,MAX_20241221_Exp97_RNA-FISH_Cytb_CF610_MRPL45_488_2cell_C5_Airyscan Processing-1.tif:ID46808155,0.084,514.350,335,634,55.467,41.284,100.000,132,65535
467,MAX_20241221_Exp97_RNA-FISH_Cytb_CF610_MRPL45_488_2cell_C5_Airyscan Processing-1.tif:ID46808152,0.084,231.150,148,292,57.609,40.894,100.000,132,65535
468,MAX_20241221_Exp97_RNA-FISH_Cytb_CF610_MRPL45_488_2cell_C5_Airyscan Processing-1.tif:ID46808153,0.082,217.769,137,274,47.842,41.060,97.500,132,65535
469,MAX_20241221_Exp97_RNA-FISH_Cytb_CF610_MRPL45_488_2cell_C5_Airyscan Processing-1.tif:ID46808158,0.035,143.273,132,156,51.467,41.687,41.250,132,65535
470,MAX_20241221_Exp97_RNA-FISH_Cytb_CF610_MRPL45_488_2cell_C5_Airyscan Processing-1.tif:ID46808159,0.068,174.662,133,212,50.605,41.712,81.250,132,65535
471,MAX_20241221_Exp97_RNA-FISH_Cytb_CF610_MRPL45_488_2cell_C5_Airyscan Processing-1.tif:ID46808156,0.084,341.038,209,453,55.110,41.446,100.000,132,65535
472,MAX_20241221_Exp97_RNA-FISH_Cytb_CF610_MRPL45_488_2cell_C5_Airyscan Processing-1.tif:ID46808157,0.084,249.062,161,325,47.840,41.511,100.000,132,65535
473,MAX_20241221_Exp97_RNA-FISH_Cytb_CF610_MRPL45_488_2cell_C5_Airyscan Processing-1.tif:ID46808146,0.084,208.000,133,267,50.436,40.278,100.000,132,65535
474,MAX_20241221_Exp97_RNA-FISH_Cytb_CF610_MRPL45_488_2cell_C5_Airyscan Processing-1.tif:ID46808147,0.023,141.364,132,154,55.797,40.326,27.500,132,65535
475,MAX_20241221_Exp97_RNA-FISH_Cytb_CF610_MRPL45_488_2cell_C5_Airyscan Processing-1.tif:ID46808144,0.078,188.514,132,228,58.031,39.899,92.500,132,65535
476,MAX_20241221_Exp97_RNA-FISH_Cytb_CF610_MRPL45_488_2cell_C5_Airyscan Processing-1.tif:ID46808145,0.084,421.988,226,622,52.319,40.083,100.000,132,65535
477,MAX_20241221_Exp97_RNA-FISH_Cytb_CF610_MRPL45_488_2cell_C5_Airyscan Processing-1.tif:ID46808150,0.065,169.677,132,201,58.518,40.608,77.500,132,65535
478,MAX_20241221_Exp97_RNA-FISH_Cytb_CF610_MRPL45_488_2cell_C5_Airyscan Processing-1.tif:ID46808151,0.015,139.857,135,146,49.806,40.753,17.500,132,65535
479,MAX_20241221_Exp97_RNA-FISH_Cytb_CF610_MRPL45_488_2cell_C5_Airyscan Processing-1.tif:ID46808148,0.084,341.200,183,448,58.031,40.310,100.000,132,65535
480,MAX_20241221_Exp97_RNA-FISH_Cytb_CF610_MRPL45_488_2cell_C5_Airyscan Processing-1.tif:ID46808149,0.074,182.586,134,232,48.454,40.381,87.500,132,65535
481,MAX_20241221_Exp97_RNA-FISH_Cytb_CF610_MRPL45_488_2cell_C5_Airyscan Processing-1.tif:ID46808170,0.082,187.795,136,224,57.061,44.272,97.500,132,65535
482,MAX_20241221_Exp97_RNA-FISH_Cytb_CF610_MRPL45_488_2cell_C5_Airyscan Processing-1.tif:ID46808171,0.039,148.000,132,172,53.718,44.563,46.250,132,65535
483,MAX_20241221_Exp97_RNA-FISH_Cytb_CF610_MRPL45_488_2cell_C5_Airyscan Processing-1.tif:ID46808168,0.036,144.706,133,160,48.810,43.484,42.500,132,65535
484,MAX_20241221_Exp97_RNA-FISH_Cytb_CF610_MRPL45_488_2cell_C5_Airyscan Processing-1.tif:ID46808169,0.056,152.245,132,177,52.998,44.069,66.250,132,65535
485,MAX_20241221_Exp97_RNA-FISH_Cytb_CF610_MRPL45_488_2cell_C5_Airyscan Processing-1.tif:ID46808174,0.075,189.056,138,235,51.620,44.891,88.750,132,65535
486,MAX_20241221_Exp97_RNA-FISH_Cytb_CF610_MRPL45_488_2cell_C5_Airyscan Processing-1.tif:ID46808175,0.075,194.746,132,273,55.961,45.022,88.750,132,65535
487,MAX_20241221_Exp97_RNA-FISH_Cytb_CF610_MRPL45_488_2cell_C5_Airyscan Processing-1.tif:ID46808172,0.084,214.512,136,268,51.832,44.659,100.000,132,65535
488,MAX_20241221_Exp97_RNA-FISH_Cytb_CF610_MRPL45_488_2cell_C5_Airyscan Processing-1.tif:ID46808173,0.037,155.257,132,183,54.438,44.703,43.750,132,65535
489,MAX_20241221_Exp97_RNA-FISH_Cytb_CF610_MRPL45_488_2cell_C5_Airyscan Processing-1.tif:ID46808162,0.083,168.595,132,196,55.988,42.616,98.750,132,65535
490,MAX_20241221_Exp97_RNA-FISH_Cytb_CF610_MRPL45_488_2cell_C5_Airyscan Processing-1.tif:ID46808163,0.059,156.375,132,188,56.970,42.668,70.000,132,65535
491,MAX_20241221_Exp97_RNA-FISH_Cytb_CF610_MRPL45_488_2cell_C5_Airyscan Processing-1.tif:ID46808160,0.065,171.774,134,224,54.483,42.224,77.500,132,65535
492,MAX_20241221_Exp97_RNA-FISH_Cytb_CF610_MRPL45_488_2cell_C5_Airyscan Processing-1.tif:ID46808161,0.064,166.967,132,200,50.204,42.651,76.250,132,65535
493,MAX_20241221_Exp97_RNA-FISH_Cytb_CF610_MRPL45_488_2cell_C5_Airyscan Processing-1.tif:ID46808166,0.059,147.429,132,162,54.516,43.094,70.000,132,65535
494,MAX_20241221_Exp97_RNA-FISH_Cytb_CF610_MRPL45_488_2cell_C5_Airyscan Processing-1.tif:ID46808167,0.000,NaN,255,127,NaN,NaN,0.000,132,65535
495,MAX_20241221_Exp97_RNA-FISH_Cytb_CF610_MRPL45_488_2cell_C5_Airyscan Processing-1.tif:ID46808164,0.076,169.014,132,202,56.171,42.802,90.000,132,65535
496,MAX_20241221_Exp97_RNA-FISH_Cytb_CF610_MRPL45_488_2cell_C5_Airyscan Processing-1.tif:ID46808165,0.036,146.971,133,166,48.531,42.949,42.500,132,65535
497,MAX_20241221_Exp97_RNA-FISH_Cytb_CF610_MRPL45_488_2cell_C5_Airyscan Processing-1.tif:ID46808186,0.045,153.512,136,176,48.281,48.103,53.750,132,65535
498,MAX_20241221_Exp97_RNA-FISH_Cytb_CF610_MRPL45_488_2cell_C5_Airyscan Processing-1.tif:ID46808187,0.084,398.512,267,476,49.106,48.619,100.000,132,65535
499,MAX_20241221_Exp97_RNA-FISH_Cytb_CF610_MRPL45_488_2cell_C5_Airyscan Processing-1.tif:ID46808184,0.084,313.300,172,421,47.742,47.483,100.000,132,65535
500,MAX_20241221_Exp97_RNA-FISH_Cytb_CF610_MRPL45_488_2cell_C5_Airyscan Processing-1.tif:ID46808185,0.061,186.483,134,245,54.329,47.740,72.500,132,65535
501,MAX_20241221_Exp97_RNA-FISH_Cytb_CF610_MRPL45_488_2cell_C5_Airyscan Processing-1.tif:ID46808190,0.075,231.310,140,300,48.950,49.169,88.750,132,65535
502,MAX_20241221_Exp97_RNA-FISH_Cytb_CF610_MRPL45_488_2cell_C5_Airyscan Processing-1.tif:ID46808191,0.057,168.704,132,212,49.290,49.395,67.500,132,65535
503,MAX_20241221_Exp97_RNA-FISH_Cytb_CF610_MRPL45_488_2cell_C5_Airyscan Processing-1.tif:ID46808188,0.084,312.962,193,408,50.014,49.041,100.000,132,65535
504,MAX_20241221_Exp97_RNA-FISH_Cytb_CF610_MRPL45_488_2cell_C5_Airyscan Processing-1.tif:ID46808189,0.060,165.088,133,199,50.734,49.069,71.250,132,65535
505,MAX_20241221_Exp97_RNA-FISH_Cytb_CF610_MRPL45_488_2cell_C5_Airyscan Processing-1.tif:ID46808178,0.021,146.650,133,162,47.768,45.873,25.000,132,65535
506,MAX_20241221_Exp97_RNA-FISH_Cytb_CF610_MRPL45_488_2cell_C5_Airyscan Processing-1.tif:ID46808179,0.078,197.770,137,240,53.281,46.671,92.500,132,65535
507,MAX_20241221_Exp97_RNA-FISH_Cytb_CF610_MRPL45_488_2cell_C5_Airyscan Processing-1.tif:ID46808176,0.058,172.709,132,227,55.368,45.353,68.750,132,65535
508,MAX_20241221_Exp97_RNA-FISH_Cytb_CF610_MRPL45_488_2cell_C5_Airyscan Processing-1.tif:ID46808177,0.084,244.713,135,357,55.142,45.795,100.000,132,65535
509,MAX_20241221_Exp97_RNA-FISH_Cytb_CF610_MRPL45_488_2cell_C5_Airyscan Processing-1.tif:ID46808182,0.017,141.125,134,151,51.897,47.207,20.000,132,65535
510,MAX_20241221_Exp97_RNA-FISH_Cytb_CF610_MRPL45_488_2cell_C5_Airyscan Processing-1.tif:ID46808183,0.037,144.200,132,159,54.395,47.288,43.750,132,65535
511,MAX_20241221_Exp97_RNA-FISH_Cytb_CF610_MRPL45_488_2cell_C5_Airyscan Processing-1.tif:ID46808180,0.016,138.800,134,146,54.691,46.885,18.750,132,65535
512,MAX_20241221_Exp97_RNA-FISH_Cytb_CF610_MRPL45_488_2cell_C5_Airyscan Processing-1.tif:ID46808181,0.084,263.225,160,340,55.305,47.093,100.000,132,65535
513,MAX_20241221_Exp97_RNA-FISH_Cytb_CF610_MRPL45_488_2cell_C5_Airyscan Processing-1.tif:ID46808074,0.056,153.943,132,179,54.969,29.158,66.250,132,65535
514,MAX_20241221_Exp97_RNA-FISH_Cytb_CF610_MRPL45_488_2cell_C5_Airyscan Processing-1.tif:ID46808075,0.059,152.393,132,180,48.047,29.668,70.000,132,65535
515,MAX_20241221_Exp97_RNA-FISH_Cytb_CF610_MRPL45_488_2cell_C5_Airyscan Processing-1.tif:ID46808072,0.054,164.000,133,203,48.935,28.905,63.750,132,65535
516,MAX_20241221_Exp97_RNA-FISH_Cytb_CF610_MRPL45_488_2cell_C5_Airyscan Processing-1.tif:ID46808073,0.039,148.378,134,168,51.723,28.940,46.250,132,65535
517,MAX_20241221_Exp97_RNA-FISH_Cytb_CF610_MRPL45_488_2cell_C5_Airyscan Processing-1.tif:ID46808078,0.084,265.238,142,350,53.163,29.859,100.000,132,65535
518,MAX_20241221_Exp97_RNA-FISH_Cytb_CF610_MRPL45_488_2cell_C5_Airyscan Processing-1.tif:ID46808079,0.060,162.982,132,205,49.273,30.353,71.250,132,65535
519,MAX_20241221_Exp97_RNA-FISH_Cytb_CF610_MRPL45_488_2cell_C5_Airyscan Processing-1.tif:ID46808076,0.014,139.846,132,148,54.230,29.701,16.250,132,65535
520,MAX_20241221_Exp97_RNA-FISH_Cytb_CF610_MRPL45_488_2cell_C5_Airyscan Processing-1.tif:ID46808077,0.060,164.596,132,203,49.231,29.749,71.250,132,65535
521,MAX_20241221_Exp97_RNA-FISH_Cytb_CF610_MRPL45_488_2cell_C5_Airyscan Processing-1.tif:ID46808066,0.084,331.325,249,379,56.895,28.139,100.000,132,65535
522,MAX_20241221_Exp97_RNA-FISH_Cytb_CF610_MRPL45_488_2cell_C5_Airyscan Processing-1.tif:ID46808067,0.066,157.063,133,185,51.503,28.351,78.750,132,65535
523,MAX_20241221_Exp97_RNA-FISH_Cytb_CF610_MRPL45_488_2cell_C5_Airyscan Processing-1.tif:ID46808064,0.084,300.012,194,361,48.164,27.587,100.000,132,65535
524,MAX_20241221_Exp97_RNA-FISH_Cytb_CF610_MRPL45_488_2cell_C5_Airyscan Processing-1.tif:ID46808065,0.061,149.966,132,170,51.137,27.988,72.500,132,65535
525,MAX_20241221_Exp97_RNA-FISH_Cytb_CF610_MRPL45_488_2cell_C5_Airyscan Processing-1.tif:ID46808070,0.057,168.481,134,216,53.848,28.830,67.500,132,65535
526,MAX_20241221_Exp97_RNA-FISH_Cytb_CF610_MRPL45_488_2cell_C5_Airyscan Processing-1.tif:ID46808071,0.068,157.585,132,178,52.725,28.835,81.250,132,65535
527,MAX_20241221_Exp97_RNA-FISH_Cytb_CF610_MRPL45_488_2cell_C5_Airyscan Processing-1.tif:ID46808068,0.079,182.720,132,232,51.184,28.603,93.750,132,65535
528,MAX_20241221_Exp97_RNA-FISH_Cytb_CF610_MRPL45_488_2cell_C5_Airyscan Processing-1.tif:ID46808069,0.057,163.722,134,211,48.385,28.641,67.500,132,65535
529,MAX_20241221_Exp97_RNA-FISH_Cytb_CF610_MRPL45_488_2cell_C5_Airyscan Processing-1.tif:ID46808090,0.084,300.250,207,369,53.520,32.715,100.000,132,65535
530,MAX_20241221_Exp97_RNA-FISH_Cytb_CF610_MRPL45_488_2cell_C5_Airyscan Processing-1.tif:ID46808091,0.084,231.175,140,305,51.020,32.748,100.000,132,65535
531,MAX_20241221_Exp97_RNA-FISH_Cytb_CF610_MRPL45_488_2cell_C5_Airyscan Processing-1.tif:ID46808088,0.084,325.650,176,434,54.753,32.261,100.000,132,65535
532,MAX_20241221_Exp97_RNA-FISH_Cytb_CF610_MRPL45_488_2cell_C5_Airyscan Processing-1.tif:ID46808089,0.074,184.286,134,224,56.014,32.483,87.500,132,65535
533,MAX_20241221_Exp97_RNA-FISH_Cytb_CF610_MRPL45_488_2cell_C5_Airyscan Processing-1.tif:ID46808094,0.077,170.548,133,197,54.721,32.923,91.250,132,65535
534,MAX_20241221_Exp97_RNA-FISH_Cytb_CF610_MRPL45_488_2cell_C5_Airyscan Processing-1.tif:ID46808095,0.077,193.945,133,266,58.687,32.948,91.250,132,65535
535,MAX_20241221_Exp97_RNA-FISH_Cytb_CF610_MRPL45_488_2cell_C5_Airyscan Processing-1.tif:ID46808092,0.081,215.987,138,277,48.524,32.915,96.250,132,65535
536,MAX_20241221_Exp97_RNA-FISH_Cytb_CF610_MRPL45_488_2cell_C5_Airyscan Processing-1.tif:ID46808093,0.082,220.615,135,294,50.893,32.946,97.500,132,65535
537,MAX_20241221_Exp97_RNA-FISH_Cytb_CF610_MRPL45_488_2cell_C5_Airyscan Processing-1.tif:ID46808082,0.082,197.859,132,264,54.724,30.900,97.500,132,65535
538,MAX_20241221_Exp97_RNA-FISH_Cytb_CF610_MRPL45_488_2cell_C5_Airyscan Processing-1.tif:ID46808083,0.062,164.000,132,206,55.172,30.883,73.750,132,65535
539,MAX_20241221_Exp97_RNA-FISH_Cytb_CF610_MRPL45_488_2cell_C5_Airyscan Processing-1.tif:ID46808080,0.026,144.280,133,159,52.556,30.608,31.250,132,65535
540,MAX_20241221_Exp97_RNA-FISH_Cytb_CF610_MRPL45_488_2cell_C5_Airyscan Processing-1.tif:ID46808081,0.084,699.062,274,933,50.599,30.865,100.000,132,65535
541,MAX_20241221_Exp97_RNA-FISH_Cytb_CF610_MRPL45_488_2cell_C5_Airyscan Processing-1.tif:ID46808086,0.084,328.750,170,447,54.753,31.482,100.000,132,65535
542,MAX_20241221_Exp97_RNA-FISH_Cytb_CF610_MRPL45_488_2cell_C5_Airyscan Processing-1.tif:ID46808087,0.082,235.103,137,305,54.560,32.005,97.500,132,65535
543,MAX_20241221_Exp97_RNA-FISH_Cytb_CF610_MRPL45_488_2cell_C5_Airyscan Processing-1.tif:ID46808084,0.082,230.026,142,308,51.051,31.057,97.500,132,65535
544,MAX_20241221_Exp97_RNA-FISH_Cytb_CF610_MRPL45_488_2cell_C5_Airyscan Processing-1.tif:ID46808085,0.033,142.548,132,154,52.251,31.165,38.750,132,65535
545,MAX_20241221_Exp97_RNA-FISH_Cytb_CF610_MRPL45_488_2cell_C5_Airyscan Processing-1.tif:ID46808106,0.009,137.111,134,142,58.887,35.707,11.250,132,65535
546,MAX_20241221_Exp97_RNA-FISH_Cytb_CF610_MRPL45_488_2cell_C5_Airyscan Processing-1.tif:ID46808107,0.073,190.000,134,244,47.918,35.846,86.250,132,65535
547,MAX_20241221_Exp97_RNA-FISH_Cytb_CF610_MRPL45_488_2cell_C5_Airyscan Processing-1.tif:ID46808104,0.073,197.377,136,260,47.708,35.344,86.250,132,65535
548,MAX_20241221_Exp97_RNA-FISH_Cytb_CF610_MRPL45_488_2cell_C5_Airyscan Processing-1.tif:ID46808105,0.071,174.507,134,220,57.914,35.519,83.750,132,65535
549,MAX_20241221_Exp97_RNA-FISH_Cytb_CF610_MRPL45_488_2cell_C5_Airyscan Processing-1.tif:ID46808110,0.084,486.538,234,642,48.359,36.026,100.000,132,65535
550,MAX_20241221_Exp97_RNA-FISH_Cytb_CF610_MRPL45_488_2cell_C5_Airyscan Processing-1.tif:ID46808111,0.084,334.613,185,417,52.351,36.156,100.000,132,65535
551,MAX_20241221_Exp97_RNA-FISH_Cytb_CF610_MRPL45_488_2cell_C5_Airyscan Processing-1.tif:ID46808108,0.082,204.769,139,258,57.840,35.931,97.500,132,65535
552,MAX_20241221_Exp97_RNA-FISH_Cytb_CF610_MRPL45_488_2cell_C5_Airyscan Processing-1.tif:ID46808109,0.067,170.906,134,203,56.082,35.991,80.000,132,65535
553,MAX_20241221_Exp97_RNA-FISH_Cytb_CF610_MRPL45_488_2cell_C5_Airyscan Processing-1.tif:ID46808098,0.022,139.905,132,148,53.777,33.491,26.250,132,65535
554,MAX_20241221_Exp97_RNA-FISH_Cytb_CF610_MRPL45_488_2cell_C5_Airyscan Processing-1.tif:ID46808099,0.084,214.125,138,281,50.242,33.722,100.000,132,65535
555,MAX_20241221_Exp97_RNA-FISH_Cytb_CF610_MRPL45_488_2cell_C5_Airyscan Processing-1.tif:ID46808096,0.082,191.551,132,230,54.848,33.199,97.500,132,65535
556,MAX_20241221_Exp97_RNA-FISH_Cytb_CF610_MRPL45_488_2cell_C5_Airyscan Processing-1.tif:ID46808097,0.019,143.389,132,154,55.368,33.341,22.500,132,65535
557,MAX_20241221_Exp97_RNA-FISH_Cytb_CF610_MRPL45_488_2cell_C5_Airyscan Processing-1.tif:ID46808102,0.084,390.688,212,525,52.708,34.046,100.000,132,65535
558,MAX_20241221_Exp97_RNA-FISH_Cytb_CF610_MRPL45_488_2cell_C5_Airyscan Processing-1.tif:ID46808103,0.044,158.762,135,189,57.132,34.487,52.500,132,65535
559,MAX_20241221_Exp97_RNA-FISH_Cytb_CF610_MRPL45_488_2cell_C5_Airyscan Processing-1.tif:ID46808100,0.078,186.459,132,255,54.180,33.914,92.500,132,65535
560,MAX_20241221_Exp97_RNA-FISH_Cytb_CF610_MRPL45_488_2cell_C5_Airyscan Processing-1.tif:ID46808101,0.081,183.364,133,219,49.428,34.008,96.250,132,65535
561,MAX_20241221_Exp97_RNA-FISH_Cytb_CF610_MRPL45_488_2cell_C5_Airyscan Processing-1.tif:ID46808122,0.064,170.164,133,208,56.281,37.282,76.250,132,65535
562,MAX_20241221_Exp97_RNA-FISH_Cytb_CF610_MRPL45_488_2cell_C5_Airyscan Processing-1.tif:ID46808123,0.026,141.880,133,154,49.507,37.666,31.250,132,65535
563,MAX_20241221_Exp97_RNA-FISH_Cytb_CF610_MRPL45_488_2cell_C5_Airyscan Processing-1.tif:ID46808120,0.083,241.570,143,310,53.064,36.901,98.750,132,65535
564,MAX_20241221_Exp97_RNA-FISH_Cytb_CF610_MRPL45_488_2cell_C5_Airyscan Processing-1.tif:ID46808121,0.075,183.676,133,234,58.907,37.211,88.750,132,65535
565,MAX_20241221_Exp97_RNA-FISH_Cytb_CF610_MRPL45_488_2cell_C5_Airyscan Processing-1.tif:ID46808126,0.011,134.700,133,137,54.191,38.298,12.500,132,65535
566,MAX_20241221_Exp97_RNA-FISH_Cytb_CF610_MRPL45_488_2cell_C5_Airyscan Processing-1.tif:ID46808127,0.054,151.039,132,169,55.831,38.428,63.750,132,65535
567,MAX_20241221_Exp97_RNA-FISH_Cytb_CF610_MRPL45_488_2cell_C5_Airyscan Processing-1.tif:ID46808124,0.081,210.597,138,282,52.776,37.654,96.250,132,65535
568,MAX_20241221_Exp97_RNA-FISH_Cytb_CF610_MRPL45_488_2cell_C5_Airyscan Processing-1.tif:ID46808125,0.072,174.618,134,227,50.711,38.210,85.000,132,65535
569,MAX_20241221_Exp97_RNA-FISH_Cytb_CF610_MRPL45_488_2cell_C5_Airyscan Processing-1.tif:ID46808114,0.051,156.104,134,183,58.447,36.297,60.000,132,65535
570,MAX_20241221_Exp97_RNA-FISH_Cytb_CF610_MRPL45_488_2cell_C5_Airyscan Processing-1.tif:ID46808115,0.084,257.812,182,302,52.027,36.675,100.000,132,65535
571,MAX_20241221_Exp97_RNA-FISH_Cytb_CF610_MRPL45_488_2cell_C5_Airyscan Processing-1.tif:ID46808112,0.084,342.938,214,448,52.870,36.221,100.000,132,65535
572,MAX_20241221_Exp97_RNA-FISH_Cytb_CF610_MRPL45_488_2cell_C5_Airyscan Processing-1.tif:ID46808113,0.083,178.519,134,221,58.681,36.222,98.750,132,65535
573,MAX_20241221_Exp97_RNA-FISH_Cytb_CF610_MRPL45_488_2cell_C5_Airyscan Processing-1.tif:ID46808118,0.084,230.137,145,274,51.475,36.805,100.000,132,65535
574,MAX_20241221_Exp97_RNA-FISH_Cytb_CF610_MRPL45_488_2cell_C5_Airyscan Processing-1.tif:ID46808119,0.083,335.165,150,464,58.876,36.774,98.750,132,65535
575,MAX_20241221_Exp97_RNA-FISH_Cytb_CF610_MRPL45_488_2cell_C5_Airyscan Processing-1.tif:ID46808116,0.057,163.093,132,201,55.380,36.734,67.500,132,65535
576,MAX_20241221_Exp97_RNA-FISH_Cytb_CF610_MRPL45_488_2cell_C5_Airyscan Processing-1.tif:ID46808117,0.043,150.805,132,174,49.472,36.736,51.250,132,65535
